{"v":"5.5.9","fr":60,"ip":0,"op":181,"w":64,"h":46,"nm":"auto_1","ddd":0,"assets":[{"id":"comp_0","layers":[{"ddd":0,"ind":1,"ty":4,"nm":"Shape Layer 5","parent":6,"sr":1,"ks":{"o":{"a":0,"k":100,"ix":11},"r":{"a":0,"k":0,"ix":10},"p":{"a":0,"k":[-179.738,49.28,0],"ix":2},"a":{"a":0,"k":[-156,244.229,0],"ix":1},"s":{"a":0,"k":[100,100,100],"ix":6}},"ao":0,"shapes":[{"ty":"gr","it":[{"ind":0,"ty":"sh","ix":1,"ks":{"a":0,"k":{"i":[[0,0],[0,0]],"o":[[0,0],[0,0]],"v":[[-156,242.037],[-264,242.073]],"c":false},"ix":2},"nm":"Path 1","mn":"ADBE Vector Shape - Group","hd":false},{"ty":"tm","s":{"a":1,"k":[{"i":{"x":[0.58],"y":[1]},"o":{"x":[0.001],"y":[0]},"t":9,"s":[0]},{"t":21.958984375,"s":[100]}],"ix":1},"e":{"a":1,"k":[{"i":{"x":[0.58],"y":[1]},"o":{"x":[0.001],"y":[0]},"t":23.041,"s":[0]},{"t":36,"s":[100]}],"ix":2},"o":{"a":0,"k":0,"ix":3},"m":1,"ix":2,"nm":"Trim Paths 1","mn":"ADBE Vector Filter - Trim","hd":false},{"ty":"st","c":{"a":0,"k":[0.9647058823529412,0.6549019607843137,0.01568627450980392,1],"ix":3},"o":{"a":0,"k":100,"ix":4},"w":{"a":0,"k":23,"ix":5},"lc":2,"lj":1,"ml":4,"bm":0,"nm":"Stroke 1","mn":"ADBE Vector Graphic - Stroke","hd":false},{"ty":"tr","p":{"a":0,"k":[0,0],"ix":2},"a":{"a":0,"k":[0,0],"ix":1},"s":{"a":0,"k":[100,100.906],"ix":3},"r":{"a":0,"k":0,"ix":6},"o":{"a":0,"k":100,"ix":7},"sk":{"a":0,"k":0,"ix":4},"sa":{"a":0,"k":0,"ix":5},"nm":"Transform"}],"nm":"Shape 1","np":4,"cix":2,"bm":0,"ix":1,"mn":"ADBE Vector Group","hd":false}],"ip":0,"op":240,"st":0,"bm":0},{"ddd":0,"ind":2,"ty":4,"nm":"Shape Layer 4","parent":6,"sr":1,"ks":{"o":{"a":0,"k":100,"ix":11},"r":{"a":0,"k":0,"ix":10},"p":{"a":0,"k":[-193.738,-49.72,0],"ix":2},"a":{"a":0,"k":[-156,244.229,0],"ix":1},"s":{"a":0,"k":[100,100,100],"ix":6}},"ao":0,"shapes":[{"ty":"gr","it":[{"ind":0,"ty":"sh","ix":1,"ks":{"a":0,"k":{"i":[[0,0],[0,0]],"o":[[0,0],[0,0]],"v":[[-156,242.037],[-264,242.073]],"c":false},"ix":2},"nm":"Path 1","mn":"ADBE Vector Shape - Group","hd":false},{"ty":"tm","s":{"a":1,"k":[{"i":{"x":[0.58],"y":[1]},"o":{"x":[0.001],"y":[0]},"t":20,"s":[0]},{"t":33.919921875,"s":[100]}],"ix":1},"e":{"a":1,"k":[{"i":{"x":[0.58],"y":[1]},"o":{"x":[0.001],"y":[0]},"t":35.08,"s":[0]},{"t":49,"s":[100]}],"ix":2},"o":{"a":0,"k":0,"ix":3},"m":1,"ix":2,"nm":"Trim Paths 1","mn":"ADBE Vector Filter - Trim","hd":false},{"ty":"st","c":{"a":0,"k":[0.9647058823529412,0.6549019607843137,0.01568627450980392,1],"ix":3},"o":{"a":0,"k":100,"ix":4},"w":{"a":0,"k":23,"ix":5},"lc":2,"lj":1,"ml":4,"bm":0,"nm":"Stroke 1","mn":"ADBE Vector Graphic - Stroke","hd":false},{"ty":"tr","p":{"a":0,"k":[0,0],"ix":2},"a":{"a":0,"k":[0,0],"ix":1},"s":{"a":0,"k":[100,100.906],"ix":3},"r":{"a":0,"k":0,"ix":6},"o":{"a":0,"k":100,"ix":7},"sk":{"a":0,"k":0,"ix":4},"sa":{"a":0,"k":0,"ix":5},"nm":"Transform"}],"nm":"Shape 1","np":4,"cix":2,"bm":0,"ix":1,"mn":"ADBE Vector Group","hd":false}],"ip":0,"op":240,"st":0,"bm":0},{"ddd":0,"ind":3,"ty":4,"nm":"Shape Layer 3","parent":6,"sr":1,"ks":{"o":{"a":0,"k":100,"ix":11},"r":{"a":0,"k":0,"ix":10},"p":{"a":0,"k":[-132.738,-141.72,0],"ix":2},"a":{"a":0,"k":[-156,244.229,0],"ix":1},"s":{"a":0,"k":[100,100,100],"ix":6}},"ao":0,"shapes":[{"ty":"gr","it":[{"ind":0,"ty":"sh","ix":1,"ks":{"a":0,"k":{"i":[[0,0],[0,0]],"o":[[0,0],[0,0]],"v":[[-156,242.037],[-264,242.073]],"c":false},"ix":2},"nm":"Path 1","mn":"ADBE Vector Shape - Group","hd":false},{"ty":"tm","s":{"a":1,"k":[{"i":{"x":[0.58],"y":[1]},"o":{"x":[0.001],"y":[0]},"t":16,"s":[0]},{"t":29.919921875,"s":[100]}],"ix":1},"e":{"a":1,"k":[{"i":{"x":[0.58],"y":[1]},"o":{"x":[0.001],"y":[0]},"t":31.08,"s":[0]},{"t":45,"s":[100]}],"ix":2},"o":{"a":0,"k":0,"ix":3},"m":1,"ix":2,"nm":"Trim Paths 1","mn":"ADBE Vector Filter - Trim","hd":false},{"ty":"st","c":{"a":0,"k":[0.9647058823529412,0.6549019607843137,0.01568627450980392,1],"ix":3},"o":{"a":0,"k":100,"ix":4},"w":{"a":0,"k":23,"ix":5},"lc":2,"lj":1,"ml":4,"bm":0,"nm":"Stroke 1","mn":"ADBE Vector Graphic - Stroke","hd":false},{"ty":"tr","p":{"a":0,"k":[0,0],"ix":2},"a":{"a":0,"k":[0,0],"ix":1},"s":{"a":0,"k":[100,100.906],"ix":3},"r":{"a":0,"k":0,"ix":6},"o":{"a":0,"k":100,"ix":7},"sk":{"a":0,"k":0,"ix":4},"sa":{"a":0,"k":0,"ix":5},"nm":"Transform"}],"nm":"Shape 1","np":4,"cix":2,"bm":0,"ix":1,"mn":"ADBE Vector Group","hd":false}],"ip":0,"op":240,"st":0,"bm":0},{"ddd":0,"ind":4,"ty":4,"nm":"Shape Layer 2","parent":6,"sr":1,"ks":{"o":{"a":0,"k":100,"ix":11},"r":{"a":0,"k":0,"ix":10},"p":{"a":0,"k":[629.262,201.28,0],"ix":2},"a":{"a":0,"k":[-156,244.229,0],"ix":1},"s":{"a":0,"k":[100,100,100],"ix":6}},"ao":0,"shapes":[{"ty":"gr","it":[{"ind":0,"ty":"sh","ix":1,"ks":{"a":0,"k":{"i":[[0,0],[0,0]],"o":[[0,0],[0,0]],"v":[[-156,242.037],[-464,242.037]],"c":false},"ix":2},"nm":"Path 1","mn":"ADBE Vector Shape - Group","hd":false},{"ty":"tm","s":{"a":1,"k":[{"i":{"x":[0.58],"y":[1]},"o":{"x":[0.001],"y":[0]},"t":7,"s":[0]},{"t":22.83984375,"s":[100]}],"ix":1},"e":{"a":1,"k":[{"i":{"x":[0.58],"y":[1]},"o":{"x":[0.001],"y":[0]},"t":24.16,"s":[0]},{"t":40,"s":[100]}],"ix":2},"o":{"a":0,"k":0,"ix":3},"m":1,"ix":2,"nm":"Trim Paths 1","mn":"ADBE Vector Filter - Trim","hd":false},{"ty":"st","c":{"a":0,"k":[0.9647058823529412,0.6549019607843137,0.01568627450980392,1],"ix":3},"o":{"a":0,"k":100,"ix":4},"w":{"a":0,"k":23,"ix":5},"lc":2,"lj":1,"ml":4,"bm":0,"nm":"Stroke 1","mn":"ADBE Vector Graphic - Stroke","hd":false},{"ty":"tr","p":{"a":0,"k":[0,0],"ix":2},"a":{"a":0,"k":[0,0],"ix":1},"s":{"a":0,"k":[100,100.906],"ix":3},"r":{"a":0,"k":0,"ix":6},"o":{"a":0,"k":100,"ix":7},"sk":{"a":0,"k":0,"ix":4},"sa":{"a":0,"k":0,"ix":5},"nm":"Transform"}],"nm":"Shape 1","np":4,"cix":2,"bm":0,"ix":1,"mn":"ADBE Vector Group","hd":false}],"ip":0,"op":240,"st":0,"bm":0},{"ddd":0,"ind":5,"ty":4,"nm":"Shape Layer 1","parent":6,"sr":1,"ks":{"o":{"a":0,"k":100,"ix":11},"r":{"a":0,"k":0,"ix":10},"p":{"a":0,"k":[86.262,201.28,0],"ix":2},"a":{"a":0,"k":[-156,244.229,0],"ix":1},"s":{"a":0,"k":[100,100,100],"ix":6}},"ao":0,"shapes":[{"ty":"gr","it":[{"ind":0,"ty":"sh","ix":1,"ks":{"a":0,"k":{"i":[[0,0],[0,0]],"o":[[0,0],[0,0]],"v":[[-156,242.037],[-464,242.037]],"c":false},"ix":2},"nm":"Path 1","mn":"ADBE Vector Shape - Group","hd":false},{"ty":"tm","s":{"a":1,"k":[{"i":{"x":[0.58],"y":[1]},"o":{"x":[0.001],"y":[0]},"t":7,"s":[0]},{"t":22.83984375,"s":[100]}],"ix":1},"e":{"a":1,"k":[{"i":{"x":[0.58],"y":[1]},"o":{"x":[0.001],"y":[0]},"t":24.16,"s":[0]},{"t":40,"s":[100]}],"ix":2},"o":{"a":0,"k":0,"ix":3},"m":1,"ix":2,"nm":"Trim Paths 1","mn":"ADBE Vector Filter - Trim","hd":false},{"ty":"st","c":{"a":0,"k":[0.9647058823529412,0.6549019607843137,0.01568627450980392,1],"ix":3},"o":{"a":0,"k":100,"ix":4},"w":{"a":0,"k":23,"ix":5},"lc":2,"lj":1,"ml":4,"bm":0,"nm":"Stroke 1","mn":"ADBE Vector Graphic - Stroke","hd":false},{"ty":"tr","p":{"a":0,"k":[0,0],"ix":2},"a":{"a":0,"k":[0,0],"ix":1},"s":{"a":0,"k":[100,100.906],"ix":3},"r":{"a":0,"k":0,"ix":6},"o":{"a":0,"k":100,"ix":7},"sk":{"a":0,"k":0,"ix":4},"sa":{"a":0,"k":0,"ix":5},"nm":"Transform"}],"nm":"Shape 1","np":4,"cix":2,"bm":0,"ix":1,"mn":"ADBE Vector Group","hd":false}],"ip":0,"op":240,"st":0,"bm":0},{"ddd":0,"ind":6,"ty":4,"nm":"tires","sr":1,"ks":{"o":{"a":0,"k":100,"ix":11},"r":{"a":0,"k":0,"ix":10},"p":{"a":1,"k":[{"i":{"x":0.34,"y":1},"o":{"x":0.002,"y":1},"t":0,"s":[9.239,19.389,0],"to":[3.813,0,0],"ti":[-0.001,0,0]},{"t":125,"s":[32.593,19.389,0]}],"ix":2},"a":{"a":0,"k":[368.929,197.223,0],"ix":1},"s":{"a":1,"k":[{"i":{"x":[0.833,0.833,0.833],"y":[1,1,1]},"o":{"x":[0.001,0.001,0.001],"y":[0,0,0]},"t":20,"s":[1.467,1.63,100]},{"t":31,"s":[1.63,1.63,100]}],"ix":6}},"ao":0,"shapes":[{"ty":"gr","it":[{"ind":0,"ty":"sh","ix":1,"ks":{"a":0,"k":{"i":[[-47.442,0],[0,-47.442],[47.442,0],[0,47.443]],"o":[[47.442,0],[0,47.443],[-47.442,0],[0,-47.442]],"v":[[0,-85.902],[85.902,0],[0,85.902],[-85.902,0]],"c":true},"ix":2},"nm":"Path 1","mn":"ADBE Vector Shape - Group","hd":false},{"ty":"st","c":{"a":0,"k":[0.9647058823529412,0.6549019607843137,0.01568627450980392,1],"ix":3},"o":{"a":0,"k":100,"ix":4},"w":{"a":0,"k":25.32,"ix":5},"lc":2,"lj":2,"bm":0,"nm":"Stroke 1","mn":"ADBE Vector Graphic - Stroke","hd":false},{"ty":"tr","p":{"a":1,"k":[{"i":{"x":0.564,"y":0.522},"o":{"x":0.649,"y":0},"t":0,"s":[642.636,196.558],"to":[-1.817,0],"ti":[3.105,0]},{"i":{"x":0.635,"y":0.896},"o":{"x":0.304,"y":0.09},"t":27,"s":[634.958,196.558],"to":[-0.269,0],"ti":[0.339,0]},{"i":{"x":0.626,"y":0.841},"o":{"x":0.295,"y":0.071},"t":30,"s":[638.049,196.558],"to":[-0.366,0],"ti":[1.057,0]},{"i":{"x":0.54,"y":1},"o":{"x":0.225,"y":0.673},"t":35,"s":[631.795,196.558],"to":[-3.251,0],"ti":[0.522,0]},{"t":64,"s":[626.636,196.558]}],"ix":2},"a":{"a":0,"k":[0,85.336],"ix":1},"s":{"a":1,"k":[{"i":{"x":[0.1,0.1],"y":[1,1]},"o":{"x":[0.42,0.42],"y":[0,0]},"t":0,"s":[100,121.306]},{"t":64,"s":[100,100]}],"ix":3},"r":{"a":1,"k":[{"i":{"x":[0.1],"y":[1]},"o":{"x":[0.42],"y":[0]},"t":10,"s":[-10]},{"t":74,"s":[0]}],"ix":6},"o":{"a":0,"k":100,"ix":7},"sk":{"a":0,"k":0,"ix":4},"sa":{"a":0,"k":0,"ix":5},"nm":"Transform"}],"nm":"Group 1","np":2,"cix":2,"bm":0,"ix":1,"mn":"ADBE Vector Group","hd":false},{"ty":"gr","it":[{"ind":0,"ty":"sh","ix":1,"ks":{"a":0,"k":{"i":[[-47.442,0],[0,-47.442],[47.443,0],[0,47.443]],"o":[[47.443,0],[0,47.443],[-47.442,0],[0,-47.442]],"v":[[0,-85.902],[85.902,0],[0,85.902],[-85.902,0]],"c":true},"ix":2},"nm":"Path 1","mn":"ADBE Vector Shape - Group","hd":false},{"ty":"st","c":{"a":0,"k":[0.9647058823529412,0.6549019607843137,0.01568627450980392,1],"ix":3},"o":{"a":0,"k":100,"ix":4},"w":{"a":0,"k":25.32,"ix":5},"lc":2,"lj":2,"bm":0,"nm":"Stroke 1","mn":"ADBE Vector Graphic - Stroke","hd":false},{"ty":"tr","p":{"a":1,"k":[{"i":{"x":0.48,"y":0.071},"o":{"x":0.629,"y":0},"t":0,"s":[128.222,200.535],"to":[-2.098,0],"ti":[4.517,0]},{"i":{"x":0.626,"y":0.839},"o":{"x":0.295,"y":0.075},"t":30,"s":[122.848,200.535],"to":[-0.39,0],"ti":[1.083,0]},{"i":{"x":0.54,"y":1},"o":{"x":0.225,"y":0.671},"t":35,"s":[116.516,200.535],"to":[-3.316,0],"ti":[0.554,0]},{"t":64,"s":[111.222,200.535]}],"ix":2},"a":{"a":0,"k":[0,89.312],"ix":1},"s":{"a":1,"k":[{"i":{"x":[0.1,0.1],"y":[1,1]},"o":{"x":[0.42,0.42],"y":[0,0]},"t":0,"s":[100,121.306]},{"t":64,"s":[100,100]}],"ix":3},"r":{"a":1,"k":[{"i":{"x":[0.1],"y":[1]},"o":{"x":[0.42],"y":[0]},"t":10,"s":[-10]},{"t":74,"s":[0]}],"ix":6},"o":{"a":0,"k":100,"ix":7},"sk":{"a":0,"k":0,"ix":4},"sa":{"a":0,"k":0,"ix":5},"nm":"Transform"}],"nm":"Group 2","np":2,"cix":2,"bm":0,"ix":2,"mn":"ADBE Vector Group","hd":false}],"ip":0,"op":240,"st":0,"bm":0},{"ddd":0,"ind":7,"ty":4,"nm":"body","parent":6,"sr":1,"ks":{"o":{"a":0,"k":100,"ix":11},"r":{"a":1,"k":[{"i":{"x":[0.548],"y":[0.545]},"o":{"x":[0.123],"y":[-0.167]},"t":22,"s":[4]},{"i":{"x":[0.833],"y":[1]},"o":{"x":[0.338],"y":[-2.689]},"t":35,"s":[-1.5]},{"t":63,"s":[0]}],"ix":10},"p":{"a":1,"k":[{"i":{"x":0.34,"y":1},"o":{"x":0.14,"y":1},"t":0,"s":[340.266,111.107,0],"to":[0,-6.333,0],"ti":[0,0,0]},{"i":{"x":0.833,"y":1},"o":{"x":0.167,"y":0},"t":22.5,"s":[340.266,73.107,0],"to":[0,0,0],"ti":[0,-4.833,0]},{"i":{"x":0.833,"y":1},"o":{"x":0.049,"y":1},"t":45,"s":[340.266,111.107,0],"to":[0,4.833,0],"ti":[0,1.5,0]},{"t":64,"s":[340.266,102.107,0]}],"ix":2},"a":{"a":0,"k":[454.832,397.449,0],"ix":1},"s":{"a":0,"k":[100,100,100],"ix":6}},"ao":0,"shapes":[{"ty":"gr","it":[{"ind":0,"ty":"sh","ix":1,"ks":{"a":1,"k":[{"i":{"x":0.58,"y":1},"o":{"x":0.001,"y":0},"t":22,"s":[{"i":[[0,0],[0,0]],"o":[[0,0],[0,0]],"v":[[-200.51,-98.244],[-298.975,-113.459]],"c":false}]},{"i":{"x":0.833,"y":1},"o":{"x":0.167,"y":0},"t":36.934,"s":[{"i":[[0,0],[0,0]],"o":[[0,0],[0,0]],"v":[[-200.51,-98.244],[-314.975,-157.459]],"c":false}]},{"t":56.533203125,"s":[{"i":[[0,0],[0,0]],"o":[[0,0],[0,0]],"v":[[-200.51,-98.244],[-314.975,-133.459]],"c":false}]}],"ix":2},"nm":"Path 1","mn":"ADBE Vector Shape - Group","hd":false},{"ind":1,"ty":"sh","ix":2,"ks":{"a":1,"k":[{"i":{"x":0.58,"y":1},"o":{"x":0.001,"y":0},"t":0,"s":[{"i":[[0,0],[0,0],[0,0],[-257.707,0],[0,0],[-8.612,-16.621],[0,0]],"o":[[0,0],[0,0],[0,0],[0,0],[18.685,1.139],[0,0],[0,0]],"v":[[-200.439,186.122],[-314.975,186.122],[-314.975,71.585],[28.635,-186.122],[80.107,-186.122],[124.117,-157.488],[314.975,-14.317]],"c":false}]},{"i":{"x":0.833,"y":1},"o":{"x":0.167,"y":0},"t":27.6,"s":[{"i":[[0,0],[0,0],[0,0],[-257.707,0],[0,0],[-8.612,-16.621],[0,0]],"o":[[0,0],[0,0],[0,0],[0,0],[18.685,1.139],[0,0],[0,0]],"v":[[-200.439,186.122],[-314.975,186.122],[-314.975,71.585],[28.635,-186.122],[192.107,-186.122],[236.117,-157.488],[314.975,-14.317]],"c":false}]},{"i":{"x":0.58,"y":1},"o":{"x":0.167,"y":0},"t":44.4,"s":[{"i":[[0,0],[0,0],[0,0],[-257.707,0],[0,0],[-8.612,-16.621],[0,0]],"o":[[0,0],[0,0],[0,0],[0,0],[18.685,1.139],[0,0],[0,0]],"v":[[-200.439,186.122],[-314.975,186.122],[-314.975,71.585],[28.635,-186.122],[176.107,-186.122],[220.117,-157.488],[314.975,-14.317]],"c":false}]},{"t":64,"s":[{"i":[[0,0],[0,0],[0,0],[-257.707,0],[0,0],[-8.612,-16.621],[0,0]],"o":[[0,0],[0,0],[0,0],[0,0],[18.685,1.139],[0,0],[0,0]],"v":[[-200.439,186.122],[-314.975,186.122],[-314.975,71.585],[28.635,-186.122],[192.107,-186.122],[236.117,-157.488],[314.975,-14.317]],"c":false}]}],"ix":2},"nm":"Path 2","mn":"ADBE Vector Shape - Group","hd":false},{"ty":"st","c":{"a":0,"k":[0.9647058823529412,0.6549019607843137,0.01568627450980392,1],"ix":3},"o":{"a":0,"k":100,"ix":4},"w":{"a":0,"k":25.32,"ix":5},"lc":2,"lj":2,"bm":0,"nm":"Stroke 1","mn":"ADBE Vector Graphic - Stroke","hd":false},{"ty":"tr","p":{"a":0,"k":[340.295,211.442],"ix":2},"a":{"a":0,"k":[0,0],"ix":1},"s":{"a":0,"k":[100,100],"ix":3},"r":{"a":0,"k":0,"ix":6},"o":{"a":0,"k":100,"ix":7},"sk":{"a":0,"k":0,"ix":4},"sa":{"a":0,"k":0,"ix":5},"nm":"Transform"}],"nm":"Group 1","np":3,"cix":2,"bm":0,"ix":1,"mn":"ADBE Vector Group","hd":false},{"ty":"gr","it":[{"ind":0,"ty":"sh","ix":1,"ks":{"a":0,"k":{"i":[[0,0],[0,0]],"o":[[0,0],[0,0]],"v":[[-164.932,100.233],[178.678,100.233]],"c":false},"ix":2},"nm":"Path 1","mn":"ADBE Vector Shape - Group","hd":false},{"ind":1,"ty":"sh","ix":2,"ks":{"a":1,"k":[{"i":{"x":0.58,"y":1},"o":{"x":0.001,"y":0},"t":8,"s":[{"i":[[0,0],[0,0],[0,-32.658],[0,0],[0,0]],"o":[[0,0],[157.488,0],[0,0],[0,0],[0,0]],"v":[[-407.721,-100.22],[221.6,-100.22],[407.721,0.001],[355.722,100.22],[350.453,100.22]],"c":false}]},{"t":27,"s":[{"i":[[0,0],[0,0],[0,-32.658],[0,0],[0,0]],"o":[[0,0],[157.488,0],[0,0],[0,0],[0,0]],"v":[[-407.721,-100.22],[221.6,-100.22],[407.721,0.001],[407.721,100.22],[350.453,100.22]],"c":false}]}],"ix":2},"nm":"Path 2","mn":"ADBE Vector Shape - Group","hd":false},{"ty":"st","c":{"a":0,"k":[0.9647058823529412,0.6549019607843137,0.01568627450980392,1],"ix":3},"o":{"a":0,"k":100,"ix":4},"w":{"a":0,"k":25.32,"ix":5},"lc":2,"lj":2,"bm":0,"nm":"Stroke 1","mn":"ADBE Vector Graphic - Stroke","hd":false},{"ty":"tr","p":{"a":0,"k":[476.622,297.344],"ix":2},"a":{"a":0,"k":[0,0],"ix":1},"s":{"a":0,"k":[100,100],"ix":3},"r":{"a":0,"k":0,"ix":6},"o":{"a":0,"k":100,"ix":7},"sk":{"a":0,"k":0,"ix":4},"sa":{"a":0,"k":0,"ix":5},"nm":"Transform"}],"nm":"Group 2","np":3,"cix":2,"bm":0,"ix":2,"mn":"ADBE Vector Group","hd":false}],"ip":0,"op":240,"st":0,"bm":0}]}],"layers":[{"ddd":0,"ind":1,"ty":0,"nm":"auto","refId":"comp_0","sr":1,"ks":{"o":{"a":0,"k":100,"ix":11},"r":{"a":0,"k":0,"ix":10},"p":{"a":0,"k":[31.25,23.209,0],"ix":2},"a":{"a":0,"k":[32,15.5,0],"ix":1},"s":{"a":0,"k":[212.903,212.903,100],"ix":6}},"ao":0,"w":64,"h":31,"ip":0,"op":240,"st":0,"bm":0}],"markers":[]}