{"nm":"outlinesphtml5","ddd":1,"h":1920,"w":1080,"meta":{"g":"@lottiefiles/toolkit-js 0.26.1"},"layers":[{"ty":5,"nm":"Bienvenido 2","sr":1,"st":49,"op":549,"ip":49,"hd":false,"ddd":1,"bm":0,"hasMask":false,"ao":0,"ks":{"a":{"a":0,"k":[0,0,0],"ix":1},"s":{"a":0,"k":[100,100,100],"ix":6},"sk":{"a":0,"k":0},"p":{"a":1,"k":[{"o":{"x":0.167,"y":0.167},"i":{"x":0.833,"y":0.833},"s":[286.706,1367.044,0],"t":49,"ti":[-9.804,9.804,0],"to":[22.777,-22.777,0]},{"s":[338.75,1315,0],"t":58}],"ix":2},"sa":{"a":0,"k":0},"o":{"a":0,"k":100,"ix":11},"rx":{"a":0,"k":0,"ix":8},"ry":{"a":0,"k":0,"ix":9},"rz":{"a":0,"k":0,"ix":10},"or":{"a":0,"k":[0,0,315],"ix":7}},"ef":[],"t":{"m":{"a":{"a":0,"k":[0,0],"ix":2},"g":1},"p":{},"a":[{"s":{"t":0,"xe":{"a":0,"k":0,"ix":7},"ne":{"a":0,"k":0,"ix":8},"a":{"a":0,"k":100,"ix":4},"b":1,"rn":0,"sh":2,"o":{"a":1,"k":[{"o":{"x":0.333,"y":0},"i":{"x":0.667,"y":1},"s":[-50],"t":49},{"s":[100],"t":65}],"ix":3},"r":1,"sm":{"a":0,"k":0},"s":{"a":0,"k":0},"e":{"a":0,"k":50,"ix":2}},"a":{"a":{"a":0,"k":[0,0]},"s":{"a":0,"k":[100,100]},"sk":{"a":0,"k":0},"p":{"a":0,"k":[-100,0,0],"ix":2},"r":{"a":0,"k":0},"sa":{"a":0,"k":0},"o":{"a":0,"k":0,"ix":9},"rx":{"a":0,"k":0},"ry":{"a":0,"k":0},"sw":{"a":0,"k":0},"fh":{"a":0,"k":0},"fs":{"a":0,"k":100},"fb":{"a":0,"k":100},"t":{"a":0,"k":0}}},{"s":{"t":0,"xe":{"a":0,"k":0,"ix":7},"ne":{"a":0,"k":0,"ix":8},"a":{"a":0,"k":100,"ix":4},"b":1,"rn":0,"sh":6,"o":{"a":1,"k":[{"o":{"x":0.333,"y":0},"i":{"x":0.667,"y":1},"s":[-50],"t":49},{"s":[100],"t":65}],"ix":3},"r":1,"sm":{"a":0,"k":0},"s":{"a":0,"k":0},"e":{"a":0,"k":50,"ix":2}},"a":{"a":{"a":0,"k":[0,0]},"s":{"a":0,"k":[100,100]},"sk":{"a":0,"k":0},"p":{"a":0,"k":[50,0,0],"ix":2},"r":{"a":0,"k":0},"sa":{"a":0,"k":0},"o":{"a":0,"k":100,"ix":9},"rx":{"a":0,"k":0},"ry":{"a":0,"k":0},"sw":{"a":0,"k":0},"fh":{"a":0,"k":0},"fs":{"a":0,"k":100},"fb":{"a":0,"k":100},"t":{"a":0,"k":0}}}],"d":{"k":[{"s":{"f":"ProductSans-Bold","s":90,"t":"Bienvenido","fc":[1,0.8706,0],"lh":108,"tr":0,"j":0,"ca":0},"t":0}]}},"ind":1},{"ty":5,"nm":"Parking 2","sr":1,"st":13,"op":513,"ip":13,"hd":false,"ddd":1,"bm":0,"hasMask":false,"ao":0,"ks":{"a":{"a":0,"k":[0,0,0],"ix":1},"s":{"a":0,"k":[100,100,100],"ix":6},"sk":{"a":0,"k":0},"p":{"a":0,"k":[190.75,579,0],"ix":2},"sa":{"a":0,"k":0},"o":{"a":0,"k":100,"ix":11},"rx":{"a":0,"k":0,"ix":8},"ry":{"a":0,"k":0,"ix":9},"rz":{"a":0,"k":0,"ix":10},"or":{"a":0,"k":[0,0,0],"ix":7}},"ef":[],"t":{"m":{"a":{"a":0,"k":[0,0],"ix":2},"g":1},"p":{},"a":[{"s":{"t":0,"xe":{"a":0,"k":0,"ix":7},"ne":{"a":0,"k":0,"ix":8},"a":{"a":0,"k":100,"ix":4},"b":1,"rn":0,"sh":2,"o":{"a":1,"k":[{"o":{"x":0.333,"y":0},"i":{"x":0.667,"y":1},"s":[-50],"t":13},{"s":[100],"t":29}],"ix":3},"r":1,"sm":{"a":0,"k":0},"s":{"a":0,"k":0},"e":{"a":0,"k":50,"ix":2}},"a":{"a":{"a":0,"k":[0,0]},"s":{"a":0,"k":[100,100]},"sk":{"a":0,"k":0},"p":{"a":0,"k":[-100,0,0],"ix":2},"r":{"a":0,"k":0},"sa":{"a":0,"k":0},"o":{"a":0,"k":0,"ix":9},"rx":{"a":0,"k":0},"ry":{"a":0,"k":0},"sw":{"a":0,"k":0},"fh":{"a":0,"k":0},"fs":{"a":0,"k":100},"fb":{"a":0,"k":100},"t":{"a":0,"k":0}}},{"s":{"t":0,"xe":{"a":0,"k":0,"ix":7},"ne":{"a":0,"k":0,"ix":8},"a":{"a":0,"k":100,"ix":4},"b":1,"rn":0,"sh":6,"o":{"a":1,"k":[{"o":{"x":0.333,"y":0},"i":{"x":0.667,"y":1},"s":[-50],"t":13},{"s":[100],"t":29}],"ix":3},"r":1,"sm":{"a":0,"k":0},"s":{"a":0,"k":0},"e":{"a":0,"k":50,"ix":2}},"a":{"a":{"a":0,"k":[0,0]},"s":{"a":0,"k":[100,100]},"sk":{"a":0,"k":0},"p":{"a":0,"k":[50,0,0],"ix":2},"r":{"a":0,"k":0},"sa":{"a":0,"k":0},"o":{"a":0,"k":100,"ix":9},"rx":{"a":0,"k":0},"ry":{"a":0,"k":0},"sw":{"a":0,"k":0},"fh":{"a":0,"k":0},"fs":{"a":0,"k":100},"fb":{"a":0,"k":100},"t":{"a":0,"k":0}}}],"d":{"k":[{"s":{"f":"ProductSans-Bold","s":124.380493164063,"t":"Parking","fc":[1,1,1],"lh":149.256591796875,"tr":0,"j":0,"ca":0},"t":0}]}},"ind":2},{"ty":5,"nm":"My 2","sr":1,"st":11,"op":511,"ip":11,"hd":true,"ddd":1,"bm":0,"hasMask":false,"ao":0,"ks":{"a":{"a":0,"k":[0,0,0],"ix":1},"s":{"a":0,"k":[100,100,100],"ix":6},"sk":{"a":0,"k":0},"p":{"a":0,"k":[413,493.25,0],"ix":2},"sa":{"a":0,"k":0},"o":{"a":0,"k":100,"ix":11},"rx":{"a":0,"k":0,"ix":8},"ry":{"a":0,"k":0,"ix":9},"rz":{"a":0,"k":0,"ix":10},"or":{"a":0,"k":[0,0,0],"ix":7}},"ef":[],"t":{"m":{"a":{"a":0,"k":[0,0],"ix":2},"g":1},"p":{},"a":[{"s":{"t":0,"xe":{"a":0,"k":0,"ix":7},"ne":{"a":0,"k":0,"ix":8},"a":{"a":0,"k":100,"ix":4},"b":1,"rn":0,"sh":2,"o":{"a":1,"k":[{"o":{"x":0.333,"y":0},"i":{"x":0.667,"y":1},"s":[-50],"t":11},{"s":[100],"t":27}],"ix":3},"r":1,"sm":{"a":0,"k":0},"s":{"a":0,"k":0},"e":{"a":0,"k":50,"ix":2}},"a":{"a":{"a":0,"k":[0,0]},"s":{"a":0,"k":[100,100]},"sk":{"a":0,"k":0},"p":{"a":0,"k":[-100,0,0],"ix":2},"r":{"a":0,"k":0},"sa":{"a":0,"k":0},"o":{"a":0,"k":0,"ix":9},"rx":{"a":0,"k":0},"ry":{"a":0,"k":0},"sw":{"a":0,"k":0},"fh":{"a":0,"k":0},"fs":{"a":0,"k":100},"fb":{"a":0,"k":100},"t":{"a":0,"k":0}}},{"s":{"t":0,"xe":{"a":0,"k":0,"ix":7},"ne":{"a":0,"k":0,"ix":8},"a":{"a":0,"k":100,"ix":4},"b":1,"rn":0,"sh":6,"o":{"a":1,"k":[{"o":{"x":0.333,"y":0},"i":{"x":0.667,"y":1},"s":[-50],"t":11},{"s":[100],"t":27}],"ix":3},"r":1,"sm":{"a":0,"k":0},"s":{"a":0,"k":0},"e":{"a":0,"k":50,"ix":2}},"a":{"a":{"a":0,"k":[0,0]},"s":{"a":0,"k":[100,100]},"sk":{"a":0,"k":0},"p":{"a":0,"k":[50,0,0],"ix":2},"r":{"a":0,"k":0},"sa":{"a":0,"k":0},"o":{"a":0,"k":100,"ix":9},"rx":{"a":0,"k":0},"ry":{"a":0,"k":0},"sw":{"a":0,"k":0},"fh":{"a":0,"k":0},"fs":{"a":0,"k":100},"fb":{"a":0,"k":100},"t":{"a":0,"k":0}}}],"d":{"k":[{"s":{"f":"ProductSans-Bold","s":124.380493164063,"t":"My","fc":[1,1,1],"lh":149.256591796875,"tr":0,"j":0,"ca":0},"t":0}]}},"ind":3},{"ty":4,"nm":"symbolilos","sr":1,"st":0,"op":500,"ip":0,"hd":false,"ddd":0,"bm":0,"hasMask":false,"ao":0,"ks":{"a":{"a":0,"k":[540,960,0],"ix":1},"s":{"a":0,"k":[100,100,100],"ix":6},"sk":{"a":0,"k":0},"p":{"a":1,"k":[{"o":{"x":0.167,"y":0.167},"i":{"x":0.667,"y":1},"s":[540,1214.5,0],"t":29,"ti":[0,42.417,0],"to":[0,-42.417,0]},{"s":[540,960,0],"t":53}],"ix":2},"r":{"a":0,"k":0,"ix":10},"sa":{"a":0,"k":0},"o":{"a":0,"k":100,"ix":11}},"ef":[],"shapes":[{"ty":"gr","bm":0,"hd":false,"mn":"ADBE Vector Group","nm":"trANSAC","ix":1,"cix":2,"np":3,"it":[{"ty":"gr","bm":0,"hd":false,"mn":"ADBE Vector Group","nm":"Group 2","ix":1,"cix":2,"np":2,"it":[{"ty":"sh","bm":0,"hd":false,"mn":"ADBE Vector Shape - Group","nm":"Path 1","ix":1,"d":1,"ks":{"a":0,"k":{"c":true,"i":[[0,0],[0,0],[0,0],[0,0],[0,0],[0,0],[0,0]],"o":[[0,0],[0,0],[0,0],[0,0],[0,0],[0,0],[0,0]],"v":[[16.168,-33.658],[-16.167,-33.658],[-16.167,-1.322],[-34.98,-1.322],[0.001,33.658],[34.98,-1.322],[16.168,-1.322]]},"ix":2}},{"ty":"fl","bm":0,"hd":false,"mn":"ADBE Vector Graphic - Fill","nm":"Fill 1","c":{"a":0,"k":[0,0.3451,0.8706],"ix":4},"r":1,"o":{"a":0,"k":100,"ix":5}},{"ty":"tr","a":{"a":0,"k":[0,0],"ix":1},"s":{"a":0,"k":[100,100],"ix":3},"sk":{"a":0,"k":0,"ix":4},"p":{"a":0,"k":[224.162,142.844],"ix":2},"r":{"a":0,"k":0,"ix":6},"sa":{"a":0,"k":0,"ix":5},"o":{"a":0,"k":100,"ix":7}}]},{"ty":"gr","bm":0,"hd":false,"mn":"ADBE Vector Group","nm":"Group 3","ix":2,"cix":2,"np":2,"it":[{"ty":"sh","bm":0,"hd":false,"mn":"ADBE Vector Shape - Group","nm":"Path 1","ix":1,"d":1,"ks":{"a":0,"k":{"c":true,"i":[[0,0],[0,0],[0,0],[0,0],[0,0],[0,0],[0,0]],"o":[[0,0],[0,0],[0,0],[0,0],[0,0],[0,0],[0,0]],"v":[[34.98,1.322],[0,-33.658],[-34.98,1.322],[-16.168,1.322],[-16.168,33.658],[16.168,33.658],[16.168,1.322]]},"ix":2}},{"ty":"fl","bm":0,"hd":false,"mn":"ADBE Vector Graphic - Fill","nm":"Fill 1","c":{"a":0,"k":[0,0.3451,0.8706],"ix":4},"r":1,"o":{"a":0,"k":100,"ix":5}},{"ty":"tr","a":{"a":0,"k":[0,0],"ix":1},"s":{"a":0,"k":[100,100],"ix":3},"sk":{"a":0,"k":0,"ix":4},"p":{"a":0,"k":[265.516,99.558],"ix":2},"r":{"a":0,"k":0,"ix":6},"sa":{"a":0,"k":0,"ix":5},"o":{"a":0,"k":100,"ix":7}}]},{"ty":"gr","bm":0,"hd":false,"mn":"ADBE Vector Group","nm":"Group 4","ix":3,"cix":2,"np":4,"it":[{"ty":"sh","bm":0,"hd":false,"mn":"ADBE Vector Shape - Group","nm":"Path 1","ix":1,"d":1,"ks":{"a":0,"k":{"c":true,"i":[[0.783,0.885],[0,1.213],[-0.909,0.909],[-1.515,0.405],[0,0]],"o":[[-0.784,-0.883],[0,-1.262],[0.91,-0.91],[0,0],[-1.769,-0.909]],"v":[[-6.138,-9.588],[-7.313,-12.734],[-5.949,-15.991],[-2.311,-17.963],[-2.311,-6.897]]},"ix":2}},{"ty":"sh","bm":0,"hd":false,"mn":"ADBE Vector Shape - Group","nm":"Path 2","ix":2,"d":1,"ks":{"a":0,"k":{"c":true,"i":[[0,0],[-0.708,-0.858],[0,-1.313],[0.858,-0.984],[1.364,-0.455]],"o":[[1.667,0.86],[0.707,0.86],[0,1.416],[-0.86,0.986],[0,0]],"v":[[4.435,5.836],[7.997,8.412],[9.058,11.672],[7.77,15.271],[4.435,17.432]]},"ix":2}},{"ty":"sh","bm":0,"hd":false,"mn":"ADBE Vector Shape - Group","nm":"Path 3","ix":3,"d":1,"ks":{"a":0,"k":{"c":true,"i":[[1.364,1.591],[0.504,2.021],[0,0],[-2.956,-2.375],[-3.789,-0.557],[0,0],[0,0],[0,0],[-1.743,0.758],[-1.314,1.264],[-0.785,1.769],[0,2.274],[0.656,1.542],[1.262,1.212],[1.768,0.96],[2.172,0.91],[0,0],[-0.758,-0.91],[-0.354,-1.011],[0,0],[0.657,1.112],[1.086,0.985],[1.49,0.758],[2.02,0.304],[0,0],[0,0],[0,0],[1.768,-0.834],[1.238,-1.263],[0.656,-1.617],[0,-1.818],[-0.733,-1.592],[-1.239,-1.262],[-1.642,-0.959],[-1.87,-0.707],[0,0],[0,0]],"o":[[-1.364,-1.592],[0,0],[1.263,4.446],[2.956,2.375],[0,0],[0,0],[0,0],[1.868,-0.303],[1.743,-0.758],[1.314,-1.262],[0.782,-1.768],[0,-2.02],[-0.657,-1.54],[-1.263,-1.213],[-1.769,-0.959],[0,0],[1.313,0.556],[0.758,0.909],[0,0],[-0.354,-1.061],[-0.657,-1.11],[-1.087,-0.985],[-1.491,-0.758],[0,0],[0,0],[0,0],[-2.223,0.253],[-1.77,0.834],[-1.239,1.263],[-0.657,1.617],[0,1.971],[0.731,1.592],[1.237,1.264],[1.642,0.96],[0,0],[0,0],[-1.921,-0.607]],"v":[[-7.238,14.135],[-10.042,8.717],[-18.758,12.279],[-12.429,22.51],[-2.311,26.906],[-2.311,33.5],[4.435,33.5],[4.435,26.831],[9.854,25.239],[14.439,22.207],[17.585,17.66],[18.758,11.597],[17.773,6.253],[14.894,2.123],[10.346,-1.136],[4.435,-3.941],[4.435,-17.507],[7.542,-15.309],[9.21,-12.429],[17.698,-16.219],[16.182,-19.479],[13.568,-22.623],[9.702,-25.238],[4.435,-26.83],[4.435,-33.5],[-2.311,-33.5],[-2.311,-26.981],[-8.298,-25.352],[-12.809,-22.206],[-15.65,-17.886],[-16.636,-12.734],[-15.536,-7.389],[-12.58,-3.107],[-8.261,0.228],[-2.993,2.729],[-2.311,3.031],[-2.311,17.432]]},"ix":2}},{"ty":"fl","bm":0,"hd":false,"mn":"ADBE Vector Graphic - Fill","nm":"Fill 1","c":{"a":0,"k":[0,0.3451,0.8706],"ix":4},"r":1,"o":{"a":0,"k":100,"ix":5}},{"ty":"tr","a":{"a":0,"k":[0,0],"ix":1},"s":{"a":0,"k":[100,100],"ix":3},"sk":{"a":0,"k":0,"ix":4},"p":{"a":0,"k":[220.834,63.255],"ix":2},"r":{"a":0,"k":0,"ix":6},"sa":{"a":0,"k":0,"ix":5},"o":{"a":0,"k":100,"ix":7}}]},{"ty":"tr","a":{"a":0,"k":[245,123],"ix":1},"s":{"a":1,"k":[{"o":{"x":0.167,"y":0.167},"i":{"x":0.833,"y":0.833},"s":[0,0],"t":25},{"s":[100,100],"t":38}],"ix":3},"sk":{"a":0,"k":0,"ix":4},"p":{"a":0,"k":[245,123],"ix":2},"r":{"a":0,"k":0,"ix":6},"sa":{"a":0,"k":0,"ix":5},"o":{"a":0,"k":100,"ix":7}}]},{"ty":"gr","bm":0,"hd":false,"mn":"ADBE Vector Group","nm":"relos","ix":2,"cix":2,"np":2,"it":[{"ty":"gr","bm":0,"hd":false,"mn":"ADBE Vector Group","nm":"Group 5","ix":1,"cix":2,"np":3,"it":[{"ty":"sh","bm":0,"hd":false,"mn":"ADBE Vector Shape - Group","nm":"Path 1","ix":1,"d":1,"ks":{"a":0,"k":{"c":true,"i":[[25.129,0],[0,25.129],[-25.129,0],[0,-25.13]],"o":[[-25.129,0],[0,-25.13],[25.129,0],[0,25.129]],"v":[[-1.626,51.802],[-47.199,6.229],[-1.626,-39.344],[43.947,6.229]]},"ix":2}},{"ty":"sh","bm":0,"hd":false,"mn":"ADBE Vector Shape - Group","nm":"Path 2","ix":2,"d":1,"ks":{"a":0,"k":{"c":true,"i":[[0,0],[0,0],[0,0],[0,0],[0,0],[0,0],[0,0],[11.305,0.962],[0,0],[0,0],[0,0],[0,0],[0,0],[0,0],[0,0],[0,-28.728],[-30.312,0],[0,30.312],[8.43,9.664]],"o":[[0,0],[0,0],[0,0],[0,0],[0,0],[0,0],[-8.323,-6.782],[0,0],[0,0],[0,0],[0,0],[0,0],[0,0],[0,0],[-28.118,2.393],[0,30.312],[30.312,0],[0,-13.801],[0,0]],"v":[[44.307,-34.365],[49.952,-28.72],[56.599,-35.366],[39.205,-52.761],[32.558,-46.115],[37.66,-41.012],[33.042,-36.395],[3.074,-48.529],[3.074,-51.802],[17.433,-51.802],[17.433,-61.201],[-20.684,-61.201],[-20.684,-51.802],[-6.326,-51.802],[-6.326,-48.529],[-56.599,6.229],[-1.626,61.201],[53.347,6.229],[39.794,-29.854]]},"ix":2}},{"ty":"fl","bm":0,"hd":false,"mn":"ADBE Vector Graphic - Fill","nm":"Fill 1","c":{"a":0,"k":[0,0.3451,0.8706],"ix":4},"r":1,"o":{"a":0,"k":100,"ix":5}},{"ty":"tr","a":{"a":0,"k":[0,0],"ix":1},"s":{"a":0,"k":[100,100],"ix":3},"sk":{"a":0,"k":0,"ix":4},"p":{"a":0,"k":[417.429,99.204],"ix":2},"r":{"a":0,"k":0,"ix":6},"sa":{"a":0,"k":0,"ix":5},"o":{"a":0,"k":100,"ix":7}}]},{"ty":"gr","bm":0,"hd":false,"mn":"ADBE Vector Group","nm":"Group 6","ix":2,"cix":2,"np":2,"it":[{"ty":"sh","bm":0,"hd":false,"mn":"ADBE Vector Shape - Group","nm":"Path 1","ix":1,"d":1,"ks":{"a":0,"k":{"c":true,"i":[[0,0],[0,0],[0,0],[0,0],[0,0],[0,0]],"o":[[0,0],[0,0],[0,0],[0,0],[0,0],[0,0]],"v":[[6.809,-4.53],[-16.208,18.487],[-9.561,25.133],[16.208,-0.636],[16.208,-25.133],[6.809,-25.133]]},"ix":2}},{"ty":"fl","bm":0,"hd":false,"mn":"ADBE Vector Graphic - Fill","nm":"Fill 1","c":{"a":0,"k":[0,0.3451,0.8706],"ix":4},"r":1,"o":{"a":0,"k":100,"ix":5}},{"ty":"tr","a":{"a":0,"k":[0,0],"ix":1},"s":{"a":0,"k":[100,100],"ix":3},"sk":{"a":0,"k":0,"ix":4},"p":{"a":0,"k":[404.294,108.015],"ix":2},"r":{"a":0,"k":0,"ix":6},"sa":{"a":0,"k":0,"ix":5},"o":{"a":0,"k":100,"ix":7}}]},{"ty":"tr","a":{"a":0,"k":[416,105],"ix":1},"s":{"a":1,"k":[{"o":{"x":0.167,"y":0.167},"i":{"x":0.833,"y":0.833},"s":[0,0],"t":28},{"s":[100,100],"t":41}],"ix":3},"sk":{"a":0,"k":0,"ix":4},"p":{"a":0,"k":[416,105],"ix":2},"r":{"a":0,"k":0,"ix":6},"sa":{"a":0,"k":0,"ix":5},"o":{"a":0,"k":100,"ix":7}}]},{"ty":"gr","bm":0,"hd":false,"mn":"ADBE Vector Group","nm":"flech","ix":3,"cix":2,"np":2,"it":[{"ty":"sh","bm":0,"hd":false,"mn":"ADBE Vector Shape - Group","nm":"Path 1","ix":1,"d":1,"ks":{"a":0,"k":{"c":true,"i":[[0,0],[0,0],[0,0],[0,0],[0,0],[0,0],[0,0],[0,0],[0,0]],"o":[[0,0],[0,0],[0,0],[0,0],[0,0],[0,0],[0,0],[0,0],[0,0]],"v":[[553.091,56.909],[553.091,66.308],[625.419,66.308],[550.292,141.436],[556.939,148.082],[632.067,72.954],[632.067,145.283],[641.465,145.283],[641.465,56.909]]},"ix":2}},{"ty":"fl","bm":0,"hd":false,"mn":"ADBE Vector Graphic - Fill","nm":"Fill 1","c":{"a":0,"k":[0,0.3451,0.8706],"ix":4},"r":1,"o":{"a":0,"k":100,"ix":5}},{"ty":"tr","a":{"a":0,"k":[552,146],"ix":1},"s":{"a":1,"k":[{"o":{"x":0.167,"y":0.167},"i":{"x":0.833,"y":0.833},"s":[0,0],"t":31},{"s":[100,100],"t":44}],"ix":3},"sk":{"a":0,"k":0,"ix":4},"p":{"a":0,"k":[552,146],"ix":2},"r":{"a":0,"k":0,"ix":6},"sa":{"a":0,"k":0,"ix":5},"o":{"a":0,"k":100,"ix":7}}]},{"ty":"gr","bm":0,"hd":false,"mn":"ADBE Vector Group","nm":"history","ix":4,"cix":2,"np":2,"it":[{"ty":"gr","bm":0,"hd":false,"mn":"ADBE Vector Group","nm":"Group 7","ix":1,"cix":2,"np":2,"it":[{"ty":"sh","bm":0,"hd":false,"mn":"ADBE Vector Shape - Group","nm":"Path 1","ix":1,"d":1,"ks":{"a":0,"k":{"c":true,"i":[[0,0],[0,0],[0,0],[0,0],[0,0],[0,0]],"o":[[0,0],[0,0],[0,0],[0,0],[0,0],[0,0]],"v":[[16.208,-24.047],[6.809,-24.047],[6.809,-5.616],[-16.208,17.4],[-9.562,24.047],[16.208,-1.723]]},"ix":2}},{"ty":"fl","bm":0,"hd":false,"mn":"ADBE Vector Graphic - Fill","nm":"Fill 1","c":{"a":0,"k":[0,0.3451,0.8706],"ix":4},"r":1,"o":{"a":0,"k":100,"ix":5}},{"ty":"tr","a":{"a":0,"k":[0,0],"ix":1},"s":{"a":0,"k":[100,100],"ix":3},"sk":{"a":0,"k":0,"ix":4},"p":{"a":0,"k":[232.184,299.876],"ix":2},"r":{"a":0,"k":0,"ix":6},"sa":{"a":0,"k":0,"ix":5},"o":{"a":0,"k":100,"ix":7}}]},{"ty":"gr","bm":0,"hd":false,"mn":"ADBE Vector Group","nm":"Group 8","ix":2,"cix":2,"np":2,"it":[{"ty":"sh","bm":0,"hd":false,"mn":"ADBE Vector Shape - Group","nm":"Path 1","ix":1,"d":1,"ks":{"a":0,"k":{"c":true,"i":[[30.321,0],[10.226,-10.608],[0,0],[0,0],[0.07,-0.129],[0,0],[0,0],[0,0],[0,0],[-12.619,0],[0,-25.138],[25.138,0],[8.654,8.866],[0,11.969],[0,0],[-10.083,-10.33],[-14.941,0],[0,30.321]],"o":[[-15.15,0],[0,0],[0,0],[-0.071,0.129],[0,0],[0,0],[0,0],[0,0],[8.487,-8.87],[25.138,0],[0,25.138],[-12.387,0],[-8.358,-8.564],[0,0],[0,14.436],[10.437,10.694],[30.321,0],[0,-30.321]],"v":[[0,-54.989],[-39.594,-38.167],[-48.133,-46.706],[-48.133,-26.597],[-48.349,-26.214],[-48.133,-26.096],[-48.133,-21.667],[-23.094,-21.667],[-32.941,-31.515],[0,-45.59],[45.589,0],[0,45.589],[-32.628,31.84],[-45.589,0],[-54.989,0],[-39.354,38.405],[0,54.989],[54.989,0]]},"ix":2}},{"ty":"fl","bm":0,"hd":false,"mn":"ADBE Vector Graphic - Fill","nm":"Fill 1","c":{"a":0,"k":[0,0.3451,0.8706],"ix":4},"r":1,"o":{"a":0,"k":100,"ix":5}},{"ty":"tr","a":{"a":0,"k":[0,0],"ix":1},"s":{"a":0,"k":[100,100],"ix":3},"sk":{"a":0,"k":0,"ix":4},"p":{"a":0,"k":[243.692,296.206],"ix":2},"r":{"a":0,"k":0,"ix":6},"sa":{"a":0,"k":0,"ix":5},"o":{"a":0,"k":100,"ix":7}}]},{"ty":"tr","a":{"a":0,"k":[242,294],"ix":1},"s":{"a":1,"k":[{"o":{"x":0.167,"y":0.167},"i":{"x":0.833,"y":0.833},"s":[0,0],"t":34},{"s":[100,100],"t":47}],"ix":3},"sk":{"a":0,"k":0,"ix":4},"p":{"a":0,"k":[242,294],"ix":2},"r":{"a":0,"k":0,"ix":6},"sa":{"a":0,"k":0,"ix":5},"o":{"a":0,"k":100,"ix":7}}]},{"ty":"gr","bm":0,"hd":false,"mn":"ADBE Vector Group","nm":"tickete","ix":5,"cix":2,"np":11,"it":[{"ty":"gr","bm":0,"hd":false,"mn":"ADBE Vector Group","nm":"Group 9","ix":1,"cix":2,"np":2,"it":[{"ty":"sh","bm":0,"hd":false,"mn":"ADBE Vector Shape - Group","nm":"Path 1","ix":1,"d":1,"ks":{"a":0,"k":{"c":true,"i":[[0,0],[0,0],[0,0],[0,0]],"o":[[0,0],[0,0],[0,0],[0,0]],"v":[[18.076,-4.7],[-18.076,-4.7],[-18.076,4.7],[18.076,4.7]]},"ix":2}},{"ty":"fl","bm":0,"hd":false,"mn":"ADBE Vector Graphic - Fill","nm":"Fill 1","c":{"a":0,"k":[0,0.3451,0.8706],"ix":4},"r":1,"o":{"a":0,"k":100,"ix":5}},{"ty":"tr","a":{"a":0,"k":[0,0],"ix":1},"s":{"a":0,"k":[100,100],"ix":3},"sk":{"a":0,"k":0,"ix":4},"p":{"a":0,"k":[405.296,307.688],"ix":2},"r":{"a":0,"k":0,"ix":6},"sa":{"a":0,"k":0,"ix":5},"o":{"a":0,"k":100,"ix":7}}]},{"ty":"gr","bm":0,"hd":false,"mn":"ADBE Vector Group","nm":"Group 10","ix":2,"cix":2,"np":2,"it":[{"ty":"sh","bm":0,"hd":false,"mn":"ADBE Vector Shape - Group","nm":"Path 1","ix":1,"d":1,"ks":{"a":0,"k":{"c":true,"i":[[0,0],[0,0],[0,0],[0,0]],"o":[[0,0],[0,0],[0,0],[0,0]],"v":[[18.076,-4.7],[-18.076,-4.7],[-18.076,4.7],[18.076,4.7]]},"ix":2}},{"ty":"fl","bm":0,"hd":false,"mn":"ADBE Vector Graphic - Fill","nm":"Fill 1","c":{"a":0,"k":[0,0.3451,0.8706],"ix":4},"r":1,"o":{"a":0,"k":100,"ix":5}},{"ty":"tr","a":{"a":0,"k":[0,0],"ix":1},"s":{"a":0,"k":[100,100],"ix":3},"sk":{"a":0,"k":0,"ix":4},"p":{"a":0,"k":[405.296,288.086],"ix":2},"r":{"a":0,"k":0,"ix":6},"sa":{"a":0,"k":0,"ix":5},"o":{"a":0,"k":100,"ix":7}}]},{"ty":"gr","bm":0,"hd":false,"mn":"ADBE Vector Group","nm":"Group 11","ix":3,"cix":2,"np":2,"it":[{"ty":"sh","bm":0,"hd":false,"mn":"ADBE Vector Shape - Group","nm":"Path 1","ix":1,"d":1,"ks":{"a":0,"k":{"c":true,"i":[[0,0],[0,0],[0,0],[0,0]],"o":[[0,0],[0,0],[0,0],[0,0]],"v":[[29.79,-4.7],[-29.789,-4.7],[-29.789,4.7],[29.79,4.7]]},"ix":2}},{"ty":"fl","bm":0,"hd":false,"mn":"ADBE Vector Graphic - Fill","nm":"Fill 1","c":{"a":0,"k":[0,0.3451,0.8706],"ix":4},"r":1,"o":{"a":0,"k":100,"ix":5}},{"ty":"tr","a":{"a":0,"k":[0,0],"ix":1},"s":{"a":0,"k":[100,100],"ix":3},"sk":{"a":0,"k":0,"ix":4},"p":{"a":0,"k":[417.008,268.484],"ix":2},"r":{"a":0,"k":0,"ix":6},"sa":{"a":0,"k":0,"ix":5},"o":{"a":0,"k":100,"ix":7}}]},{"ty":"gr","bm":0,"hd":false,"mn":"ADBE Vector Group","nm":"Group 12","ix":4,"cix":2,"np":2,"it":[{"ty":"sh","bm":0,"hd":false,"mn":"ADBE Vector Shape - Group","nm":"Path 1","ix":1,"d":1,"ks":{"a":0,"k":{"c":true,"i":[[0,0],[0,0],[0,0],[0,0]],"o":[[0,0],[0,0],[0,0],[0,0]],"v":[[3.815,-4.7],[-3.816,-4.7],[-3.816,4.7],[3.815,4.7]]},"ix":2}},{"ty":"fl","bm":0,"hd":false,"mn":"ADBE Vector Graphic - Fill","nm":"Fill 1","c":{"a":0,"k":[0,0.3451,0.8706],"ix":4},"r":1,"o":{"a":0,"k":100,"ix":5}},{"ty":"tr","a":{"a":0,"k":[0,0],"ix":1},"s":{"a":0,"k":[100,100],"ix":3},"sk":{"a":0,"k":0,"ix":4},"p":{"a":0,"k":[393.5,236.56],"ix":2},"r":{"a":0,"k":0,"ix":6},"sa":{"a":0,"k":0,"ix":5},"o":{"a":0,"k":100,"ix":7}}]},{"ty":"gr","bm":0,"hd":false,"mn":"ADBE Vector Group","nm":"Group 13","ix":5,"cix":2,"np":2,"it":[{"ty":"sh","bm":0,"hd":false,"mn":"ADBE Vector Shape - Group","nm":"Path 1","ix":1,"d":1,"ks":{"a":0,"k":{"c":true,"i":[[0,0],[0,0],[0,0],[0,0]],"o":[[0,0],[0,0],[0,0],[0,0]],"v":[[3.815,-4.7],[-3.816,-4.7],[-3.816,4.7],[3.815,4.7]]},"ix":2}},{"ty":"fl","bm":0,"hd":false,"mn":"ADBE Vector Graphic - Fill","nm":"Fill 1","c":{"a":0,"k":[0,0.3451,0.8706],"ix":4},"r":1,"o":{"a":0,"k":100,"ix":5}},{"ty":"tr","a":{"a":0,"k":[0,0],"ix":1},"s":{"a":0,"k":[100,100],"ix":3},"sk":{"a":0,"k":0,"ix":4},"p":{"a":0,"k":[454.549,236.56],"ix":2},"r":{"a":0,"k":0,"ix":6},"sa":{"a":0,"k":0,"ix":5},"o":{"a":0,"k":100,"ix":7}}]},{"ty":"gr","bm":0,"hd":false,"mn":"ADBE Vector Group","nm":"Group 14","ix":6,"cix":2,"np":2,"it":[{"ty":"sh","bm":0,"hd":false,"mn":"ADBE Vector Shape - Group","nm":"Path 1","ix":1,"d":1,"ks":{"a":0,"k":{"c":true,"i":[[0,0],[0,0],[0,0],[0,0]],"o":[[0,0],[0,0],[0,0],[0,0]],"v":[[3.816,-4.7],[-3.815,-4.7],[-3.815,4.7],[3.816,4.7]]},"ix":2}},{"ty":"fl","bm":0,"hd":false,"mn":"ADBE Vector Graphic - Fill","nm":"Fill 1","c":{"a":0,"k":[0,0.3451,0.8706],"ix":4},"r":1,"o":{"a":0,"k":100,"ix":5}},{"ty":"tr","a":{"a":0,"k":[0,0],"ix":1},"s":{"a":0,"k":[100,100],"ix":3},"sk":{"a":0,"k":0,"ix":4},"p":{"a":0,"k":[378.237,236.56],"ix":2},"r":{"a":0,"k":0,"ix":6},"sa":{"a":0,"k":0,"ix":5},"o":{"a":0,"k":100,"ix":7}}]},{"ty":"gr","bm":0,"hd":false,"mn":"ADBE Vector Group","nm":"Group 15","ix":7,"cix":2,"np":2,"it":[{"ty":"sh","bm":0,"hd":false,"mn":"ADBE Vector Shape - Group","nm":"Path 1","ix":1,"d":1,"ks":{"a":0,"k":{"c":true,"i":[[0,0],[0,0],[0,0],[0,0]],"o":[[0,0],[0,0],[0,0],[0,0]],"v":[[3.816,-4.7],[-3.815,-4.7],[-3.815,4.7],[3.816,4.7]]},"ix":2}},{"ty":"fl","bm":0,"hd":false,"mn":"ADBE Vector Graphic - Fill","nm":"Fill 1","c":{"a":0,"k":[0,0.3451,0.8706],"ix":4},"r":1,"o":{"a":0,"k":100,"ix":5}},{"ty":"tr","a":{"a":0,"k":[0,0],"ix":1},"s":{"a":0,"k":[100,100],"ix":3},"sk":{"a":0,"k":0,"ix":4},"p":{"a":0,"k":[439.287,236.56],"ix":2},"r":{"a":0,"k":0,"ix":6},"sa":{"a":0,"k":0,"ix":5},"o":{"a":0,"k":100,"ix":7}}]},{"ty":"gr","bm":0,"hd":false,"mn":"ADBE Vector Group","nm":"Group 16","ix":8,"cix":2,"np":2,"it":[{"ty":"sh","bm":0,"hd":false,"mn":"ADBE Vector Shape - Group","nm":"Path 1","ix":1,"d":1,"ks":{"a":0,"k":{"c":true,"i":[[0,0],[0,0],[0,0],[0,0]],"o":[[0,0],[0,0],[0,0],[0,0]],"v":[[3.815,-4.7],[-3.816,-4.7],[-3.816,4.7],[3.815,4.7]]},"ix":2}},{"ty":"fl","bm":0,"hd":false,"mn":"ADBE Vector Graphic - Fill","nm":"Fill 1","c":{"a":0,"k":[0,0.3451,0.8706],"ix":4},"r":1,"o":{"a":0,"k":100,"ix":5}},{"ty":"tr","a":{"a":0,"k":[0,0],"ix":1},"s":{"a":0,"k":[100,100],"ix":3},"sk":{"a":0,"k":0,"ix":4},"p":{"a":0,"k":[408.763,236.56],"ix":2},"r":{"a":0,"k":0,"ix":6},"sa":{"a":0,"k":0,"ix":5},"o":{"a":0,"k":100,"ix":7}}]},{"ty":"gr","bm":0,"hd":false,"mn":"ADBE Vector Group","nm":"Group 17","ix":9,"cix":2,"np":2,"it":[{"ty":"sh","bm":0,"hd":false,"mn":"ADBE Vector Shape - Group","nm":"Path 1","ix":1,"d":1,"ks":{"a":0,"k":{"c":true,"i":[[0,0],[0,0],[0,0],[0,0]],"o":[[0,0],[0,0],[0,0],[0,0]],"v":[[3.816,-4.7],[-3.815,-4.7],[-3.815,4.7],[3.816,4.7]]},"ix":2}},{"ty":"fl","bm":0,"hd":false,"mn":"ADBE Vector Graphic - Fill","nm":"Fill 1","c":{"a":0,"k":[0,0.3451,0.8706],"ix":4},"r":1,"o":{"a":0,"k":100,"ix":5}},{"ty":"tr","a":{"a":0,"k":[0,0],"ix":1},"s":{"a":0,"k":[100,100],"ix":3},"sk":{"a":0,"k":0,"ix":4},"p":{"a":0,"k":[424.024,236.56],"ix":2},"r":{"a":0,"k":0,"ix":6},"sa":{"a":0,"k":0,"ix":5},"o":{"a":0,"k":100,"ix":7}}]},{"ty":"gr","bm":0,"hd":false,"mn":"ADBE Vector Group","nm":"Group 18","ix":10,"cix":2,"np":4,"it":[{"ty":"sh","bm":0,"hd":false,"mn":"ADBE Vector Shape - Group","nm":"Path 1","ix":1,"d":1,"ks":{"a":0,"k":{"c":true,"i":[[-0.306,-0.371],[0,-0.568],[0.372,-0.426],[0.59,-0.197],[0,0]],"o":[[0.306,0.372],[0,0.612],[-0.371,0.426],[0,0],[0.722,0.372]],"v":[[3.458,3.637],[3.915,5.047],[3.358,6.604],[1.917,7.537],[1.917,2.524]]},"ix":2}},{"ty":"sh","bm":0,"hd":false,"mn":"ADBE Vector Shape - Group","nm":"Path 2","ix":2,"d":1,"ks":{"a":0,"k":{"c":true,"i":[[0,0],[0.339,0.383],[0,0.524],[-0.393,0.393],[-0.655,0.175]],"o":[[-0.765,-0.393],[-0.339,-0.382],[0,-0.546],[0.393,-0.393],[0,0]],"v":[[-0.999,-2.983],[-2.655,-4.146],[-3.163,-5.505],[-2.573,-6.914],[-0.999,-7.766]]},"ix":2}},{"ty":"sh","bm":0,"hd":false,"mn":"ADBE Vector Shape - Group","nm":"Path 3","ix":3,"d":1,"ks":{"a":0,"k":{"c":true,"i":[[0.874,0.132],[0,0],[0,0],[0,0],[0.764,-0.36],[0.535,-0.546],[0.284,-0.698],[0,-0.787],[-0.317,-0.688],[-0.536,-0.546],[-0.71,-0.415],[-0.809,-0.305],[0,0],[0,0],[0.589,0.688],[0.218,0.874],[0,0],[-1.278,-1.027],[-1.639,-0.241],[0,0],[0,0],[0,0],[-0.754,0.328],[-0.568,0.547],[-0.339,0.765],[0,0.984],[0.283,0.667],[0.546,0.525],[0.764,0.415],[0.939,0.394],[0,0],[-0.327,-0.393],[-0.153,-0.437],[0,0],[0.284,0.481],[0.469,0.426],[0.644,0.327]],"o":[[0,0],[0,0],[0,0],[-0.962,0.11],[-0.765,0.361],[-0.536,0.546],[-0.284,0.7],[0,0.852],[0.317,0.688],[0.535,0.546],[0.71,0.415],[0,0],[0,0],[-0.831,-0.262],[-0.59,-0.689],[0,0],[0.546,1.923],[1.278,1.027],[0,0],[0,0],[0,0],[0.809,-0.13],[0.754,-0.327],[0.568,-0.546],[0.338,-0.764],[0,-0.873],[-0.285,-0.666],[-0.546,-0.524],[-0.766,-0.415],[0,0],[0.568,0.241],[0.328,0.393],[0,0],[-0.152,-0.459],[-0.284,-0.48],[-0.471,-0.426],[-0.645,-0.328]],"v":[[1.917,-11.601],[1.917,-14.485],[-0.999,-14.485],[-0.999,-11.667],[-3.589,-10.963],[-5.538,-9.601],[-6.767,-7.734],[-7.193,-5.505],[-6.719,-3.195],[-5.439,-1.344],[-3.573,0.099],[-1.294,1.18],[-0.999,1.311],[-0.999,7.537],[-3.129,6.113],[-4.342,3.769],[-8.111,5.308],[-5.374,9.734],[-0.999,11.635],[-0.999,14.485],[1.917,14.485],[1.917,11.6],[4.26,10.912],[6.242,9.602],[7.604,7.635],[8.111,5.014],[7.686,2.703],[6.44,0.917],[4.474,-0.491],[1.917,-1.704],[1.917,-7.57],[3.26,-6.62],[3.982,-5.375],[7.651,-7.012],[6.996,-8.422],[5.867,-9.782],[4.195,-10.912]]},"ix":2}},{"ty":"fl","bm":0,"hd":false,"mn":"ADBE Vector Graphic - Fill","nm":"Fill 1","c":{"a":0,"k":[0,0.3451,0.8706],"ix":4},"r":1,"o":{"a":0,"k":100,"ix":5}},{"ty":"tr","a":{"a":0,"k":[0,0],"ix":1},"s":{"a":0,"k":[100,100],"ix":3},"sk":{"a":0,"k":0,"ix":4},"p":{"a":0,"k":[441.262,299.222],"ix":2},"r":{"a":0,"k":0,"ix":6},"sa":{"a":0,"k":0,"ix":5},"o":{"a":0,"k":100,"ix":7}}]},{"ty":"gr","bm":0,"hd":false,"mn":"ADBE Vector Group","nm":"Group 19","ix":11,"cix":2,"np":2,"it":[{"ty":"sh","bm":0,"hd":false,"mn":"ADBE Vector Shape - Group","nm":"Path 1","ix":1,"d":1,"ks":{"a":0,"k":{"c":true,"i":[[0,0],[0,0],[0,0],[0,0],[0,0],[0,0],[0,0],[0,0],[0,0],[0,0],[0,0],[0,0],[0,0],[0,0],[0,0],[0,0],[0,0],[0,0],[0,0],[0,0],[0,0],[0,0],[0,0],[0,0],[0,0],[0,0],[0,0]],"o":[[0,0],[0,0],[0,0],[0,0],[0,0],[0,0],[0,0],[0,0],[0,0],[0,0],[0,0],[0,0],[0,0],[0,0],[0,0],[0,0],[0,0],[0,0],[0,0],[0,0],[0,0],[0,0],[0,0],[0,0],[0,0],[0,0],[0,0]],"v":[[58.299,55.185],[58.652,54.903],[58.299,54.463],[58.299,-68.396],[48.9,-68.396],[48.9,50.667],[41.78,56.359],[27.842,45.215],[13.917,56.358],[-0.014,45.214],[-13.94,56.358],[-27.863,45.214],[-41.79,56.358],[-48.715,50.817],[-48.715,-68.396],[-58.115,-68.396],[-58.115,54.229],[-58.653,54.902],[-41.79,68.396],[-27.864,57.252],[-13.941,68.396],[-0.014,57.251],[13.918,68.395],[27.844,57.251],[41.78,68.393],[58.183,55.278],[58.299,55.278]]},"ix":2}},{"ty":"fl","bm":0,"hd":false,"mn":"ADBE Vector Graphic - Fill","nm":"Fill 1","c":{"a":0,"k":[0,0.3451,0.8706],"ix":4},"r":1,"o":{"a":0,"k":100,"ix":5}},{"ty":"tr","a":{"a":0,"k":[0,0],"ix":1},"s":{"a":0,"k":[100,100],"ix":3},"sk":{"a":0,"k":0,"ix":4},"p":{"a":0,"k":[417.23,289.406],"ix":2},"r":{"a":0,"k":0,"ix":6},"sa":{"a":0,"k":0,"ix":5},"o":{"a":0,"k":100,"ix":7}}]},{"ty":"tr","a":{"a":0,"k":[418,236],"ix":1},"s":{"a":1,"k":[{"o":{"x":0.167,"y":0.167},"i":{"x":0.833,"y":0.833},"s":[0,0],"t":37},{"s":[100,100],"t":50}],"ix":3},"sk":{"a":0,"k":0,"ix":4},"p":{"a":0,"k":[418,236],"ix":2},"r":{"a":0,"k":0,"ix":6},"sa":{"a":0,"k":0,"ix":5},"o":{"a":0,"k":100,"ix":7}}]},{"ty":"gr","bm":0,"hd":false,"mn":"ADBE Vector Group","nm":"chicheta","ix":6,"cix":2,"np":3,"it":[{"ty":"sh","bm":0,"hd":false,"mn":"ADBE Vector Shape - Group","nm":"Path 1","ix":1,"d":1,"ks":{"a":0,"k":{"c":true,"i":[[10.378,-10.377],[0,0],[0,0],[-13.763,13.764],[-5.449,2.339],[-5.136,0],[0,0],[-4.624,-2.169],[-3.685,-3.686],[-0.588,-11.177]],"o":[[0,0],[0,0],[-13.764,-13.764],[5.359,-5.358],[5.429,-2.321],[0,0],[5.08,0],[4.758,2.234],[7.621,7.621],[0.571,10.832]],"v":[[28.093,21.618],[3.13,46.58],[-28.901,14.549],[-28.903,-35.375],[-12.61,-46.976],[3.308,-50.472],[3.323,-50.472],[17.948,-47.203],[30.674,-38.281],[42.872,-10.346]]},"ix":2}},{"ty":"sh","bm":0,"hd":false,"mn":"ADBE Vector Shape - Group","nm":"Path 2","ix":2,"d":1,"ks":{"a":0,"k":{"c":true,"i":[[0.717,13.606],[9.208,9.209],[5.748,2.699],[6.468,0],[0,0],[6.608,-2.826],[6.207,-6.205],[-17.428,-17.429],[0,0],[0,0]],"o":[[-0.705,-13.411],[-4.458,-4.457],[-5.885,-2.76],[0,0],[-6.41,0],[-6.558,2.815],[-17.428,17.43],[0,0],[0,0],[12.343,-12.341]],"v":[[52.26,-10.839],[37.32,-44.929],[21.942,-55.712],[3.325,-59.872],[3.307,-59.872],[-16.312,-55.615],[-35.549,-42.023],[-35.549,21.195],[3.13,59.872],[34.739,28.265]]},"ix":2}},{"ty":"fl","bm":0,"hd":false,"mn":"ADBE Vector Graphic - Fill","nm":"Fill 1","c":{"a":0,"k":[0,0.3451,0.8706],"ix":4},"r":1,"o":{"a":0,"k":100,"ix":5}},{"ty":"tr","a":{"a":0,"k":[2,56],"ix":1},"s":{"a":1,"k":[{"o":{"x":0.167,"y":0.167},"i":{"x":0.833,"y":0.833},"s":[0,0],"t":40},{"s":[100,100],"t":53}],"ix":3},"sk":{"a":0,"k":0,"ix":4},"p":{"a":0,"k":[590.668,342.194],"ix":2},"r":{"a":0,"k":0,"ix":6},"sa":{"a":0,"k":0,"ix":5},"o":{"a":0,"k":100,"ix":7}}]}],"ind":4},{"ty":4,"nm":"logo 2","sr":1,"st":0,"op":500,"ip":0,"hd":false,"ddd":0,"bm":0,"hasMask":false,"ao":0,"ks":{"a":{"a":0,"k":[200.5,603,0],"ix":1},"s":{"a":1,"k":[{"o":{"x":0.167,"y":0.167},"i":{"x":0,"y":1},"s":[0,100,100],"t":14},{"s":[100,100,100],"t":21}],"ix":6},"sk":{"a":0,"k":0},"p":{"a":0,"k":[198.5,604,0],"ix":2},"r":{"a":0,"k":0,"ix":10},"sa":{"a":0,"k":0},"o":{"a":0,"k":100,"ix":11}},"ef":[],"shapes":[{"ty":"gr","bm":0,"hd":false,"mn":"ADBE Vector Group","nm":"Rectangle 1","ix":1,"cix":2,"np":3,"it":[{"ty":"rc","bm":0,"hd":false,"mn":"ADBE Vector Shape - Rect","nm":"Rectangle Path 1","d":1,"p":{"a":0,"k":[0,0],"ix":3},"r":{"a":0,"k":0,"ix":4},"s":{"a":0,"k":[331.5,11],"ix":2}},{"ty":"fl","bm":0,"hd":false,"mn":"ADBE Vector Graphic - Fill","nm":"Fill 1","c":{"a":0,"k":[1,0.8706,0],"ix":4},"r":1,"o":{"a":0,"k":100,"ix":5}},{"ty":"tr","a":{"a":0,"k":[-165.875,2.75],"ix":1},"s":{"a":0,"k":[100,100],"ix":3},"sk":{"a":0,"k":0,"ix":4},"p":{"a":0,"k":[200.375,603.25],"ix":2},"r":{"a":0,"k":0,"ix":6},"sa":{"a":0,"k":0,"ix":5},"o":{"a":0,"k":100,"ix":7}}]}],"ind":5},{"ty":4,"nm":"CURVAS","sr":1,"st":0,"op":500,"ip":0,"hd":false,"ddd":0,"bm":0,"hasMask":false,"ao":0,"ks":{"a":{"a":0,"k":[624,604,0],"ix":1},"s":{"a":0,"k":[100,100,100],"ix":6},"sk":{"a":0,"k":0},"p":{"a":1,"k":[{"o":{"x":1,"y":0},"i":{"x":0.833,"y":0.833},"s":[544,604,0],"t":20,"ti":[-13.333,0,0],"to":[13.333,0,0]},{"s":[624,604,0],"t":23}],"ix":2},"r":{"a":0,"k":0,"ix":10},"sa":{"a":0,"k":0},"o":{"a":0,"k":100,"ix":11}},"ef":[],"shapes":[{"ty":"gr","bm":0,"hd":false,"mn":"ADBE Vector Group","nm":"curv3","ix":1,"cix":2,"np":2,"it":[{"ty":"sh","bm":0,"hd":false,"mn":"ADBE Vector Shape - Group","nm":"Path 1","ix":1,"d":1,"ks":{"a":0,"k":{"c":true,"i":[[114.72,0],[0,0],[-36.042,-36.044],[0,-50.972],[0,0]],"o":[[0,0],[50.973,0],[36.043,36.043],[0,0],[0,-114.719]],"v":[[-103.859,-103.859],[-103.859,-86.971],[31.078,-31.078],[86.971,103.859],[103.859,103.859]]},"ix":2}},{"ty":"fl","bm":0,"hd":false,"mn":"ADBE Vector Graphic - Fill","nm":"Fill 1","c":{"a":0,"k":[0,0.7843,1],"ix":4},"r":1,"o":{"a":0,"k":100,"ix":5}},{"ty":"tr","a":{"a":0,"k":[-31.75,33.5],"ix":1},"s":{"a":1,"k":[{"o":{"x":0.167,"y":0.167},"i":{"x":0.833,"y":0.833},"s":[0,0],"t":23},{"s":[100,100],"t":31}],"ix":3},"sk":{"a":0,"k":0,"ix":4},"p":{"a":1,"k":[{"o":{"x":0.167,"y":0.167},"i":{"x":0.833,"y":0.833},"s":[799.854,436.637],"t":23,"ti":[0,0],"to":[0,0]},{"s":[799.854,436.637],"t":31}],"ix":2},"r":{"a":0,"k":0,"ix":6},"sa":{"a":0,"k":0,"ix":5},"o":{"a":0,"k":100,"ix":7}}]},{"ty":"gr","bm":0,"hd":false,"mn":"ADBE Vector Group","nm":"curv2","ix":2,"cix":2,"np":2,"it":[{"ty":"sh","bm":0,"hd":false,"mn":"ADBE Vector Shape - Group","nm":"Path 1","ix":1,"d":1,"ks":{"a":0,"k":{"c":true,"i":[[96.154,0],[0,0],[-29.693,-29.694],[0,-41.994],[0,0]],"o":[[0,0],[41.993,0],[29.694,29.693],[0,0],[0,-96.154]],"v":[[-87.052,-87.051],[-87.052,-70.163],[24.115,-24.116],[70.162,87.051],[87.051,87.051]]},"ix":2}},{"ty":"fl","bm":0,"hd":false,"mn":"ADBE Vector Graphic - Fill","nm":"Fill 1","c":{"a":0,"k":[0,0.7843,1],"ix":4},"r":1,"o":{"a":0,"k":100,"ix":5}},{"ty":"tr","a":{"a":0,"k":[-16.5,16.75],"ix":1},"s":{"a":1,"k":[{"o":{"x":0.167,"y":0.167},"i":{"x":0.833,"y":0.833},"s":[0,0],"t":20},{"s":[100,100],"t":28}],"ix":3},"sk":{"a":0,"k":0,"ix":4},"p":{"a":1,"k":[{"o":{"x":0.167,"y":0.167},"i":{"x":0.833,"y":0.833},"s":[798.297,436.696],"t":20,"ti":[0,0],"to":[0,0]},{"s":[798.297,436.696],"t":28}],"ix":2},"r":{"a":0,"k":0,"ix":6},"sa":{"a":0,"k":0,"ix":5},"o":{"a":0,"k":100,"ix":7}}]},{"ty":"gr","bm":0,"hd":false,"mn":"ADBE Vector Group","nm":"curv1","ix":3,"cix":2,"np":2,"it":[{"ty":"sh","bm":0,"hd":false,"mn":"ADBE Vector Shape - Group","nm":"Path 1","ix":1,"d":1,"ks":{"a":0,"k":{"c":true,"i":[[77.588,0],[0,0],[0,-68.152],[0,0]],"o":[[0,0],[68.152,0],[0,0],[0,-77.588]],"v":[[-70.242,-70.243],[-70.242,-53.354],[53.355,70.243],[70.242,70.243]]},"ix":2}},{"ty":"fl","bm":0,"hd":false,"mn":"ADBE Vector Graphic - Fill","nm":"Fill 1","c":{"a":0,"k":[0,0.7843,1],"ix":4},"r":1,"o":{"a":0,"k":100,"ix":5}},{"ty":"tr","a":{"a":0,"k":[0,0],"ix":1},"s":{"a":1,"k":[{"o":{"x":0.167,"y":0.167},"i":{"x":0.833,"y":0.833},"s":[0,0],"t":17},{"s":[100,100],"t":25}],"ix":3},"sk":{"a":0,"k":0,"ix":4},"p":{"a":0,"k":[797.988,436.754],"ix":2},"r":{"a":0,"k":0,"ix":6},"sa":{"a":0,"k":0,"ix":5},"o":{"a":0,"k":100,"ix":7}}]}],"ind":6},{"ty":4,"nm":"logo","sr":1,"st":0,"op":500,"ip":0,"hd":false,"ddd":0,"bm":0,"hasMask":false,"ao":0,"ks":{"a":{"a":0,"k":[624,604,0],"ix":1},"s":{"a":0,"k":[100,100,100],"ix":6},"sk":{"a":0,"k":0},"p":{"a":1,"k":[{"o":{"x":1,"y":0},"i":{"x":0.833,"y":0.833},"s":[544.25,604,0],"t":20,"ti":[-13.333,0,0],"to":[13.333,0,0]},{"s":[624.25,604,0],"t":23}],"ix":2},"r":{"a":1,"k":[{"o":{"x":1,"y":0},"i":{"x":0.833,"y":0.833},"s":[-45],"t":0},{"s":[0],"t":12}],"ix":10},"sa":{"a":0,"k":0},"o":{"a":0,"k":100,"ix":11}},"ef":[],"shapes":[{"ty":"gr","bm":0,"hd":false,"mn":"ADBE Vector Group","nm":"Group 33","ix":1,"cix":2,"np":2,"it":[{"ty":"sh","bm":0,"hd":false,"mn":"ADBE Vector Shape - Group","nm":"Path 1","ix":1,"d":1,"ks":{"a":0,"k":{"c":true,"i":[[55.931,0],[0,0],[0,-55.931],[0,0],[0,0],[0,0],[-33.248,0],[0,0],[-8.098,-3.003],[-6.006,-5.459],[-3.461,-7.549],[0,-9.096],[3.453,-7.549],[6.004,-5.459],[8.097,-3.002],[9.279,0],[0,0],[0,0],[0,0],[0,55.931]],"o":[[0,0],[-55.931,0],[0,0],[0,0],[0,0],[0,-33.248],[0,0],[9.279,0],[8.097,3.003],[6.004,5.459],[3.453,7.554],[0,9.281],[-3.461,7.553],[-6.006,5.459],[-8.098,3.003],[0,0],[0,0],[0,0],[55.931,0],[0,-55.931]],"v":[[0,-101.272],[0,-101.272],[-101.272,0],[-101.272,101.272],[-61.473,101.272],[-61.473,-2.31],[-1.273,-62.51],[-1.272,-62.51],[24.793,-58.006],[45.949,-45.314],[60.144,-25.798],[65.328,-0.823],[60.144,24.425],[45.949,43.942],[24.793,56.634],[-1.272,61.139],[-24.625,61.139],[-24.625,101.272],[0,101.272],[101.271,0]]},"ix":2}},{"ty":"fl","bm":0,"hd":false,"mn":"ADBE Vector Graphic - Fill","nm":"Fill 1","c":{"a":0,"k":[1,1,1],"ix":4},"r":1,"o":{"a":0,"k":100,"ix":5}},{"ty":"tr","a":{"a":0,"k":[-101,101],"ix":1},"s":{"a":1,"k":[{"o":{"x":0.167,"y":0.167},"i":{"x":0.833,"y":0.833},"s":[0,0],"t":0},{"s":[100,100],"t":5}],"ix":3},"sk":{"a":0,"k":0,"ix":4},"p":{"a":0,"k":[624.551,607.02],"ix":2},"r":{"a":0,"k":0,"ix":6},"sa":{"a":0,"k":0,"ix":5},"o":{"a":0,"k":100,"ix":7}}]},{"ty":"gr","bm":0,"hd":false,"mn":"ADBE Vector Group","nm":"Group 34","ix":2,"cix":2,"np":2,"it":[{"ty":"sh","bm":0,"hd":false,"mn":"ADBE Vector Shape - Group","nm":"Path 1","ix":1,"d":1,"ks":{"a":0,"k":{"c":true,"i":[[-9.333,9.333],[-3.603,1.547],[-3.473,-0.001],[-3.153,-1.479],[-2.442,-2.442],[-0.386,-7.335],[6.818,-6.817],[0,0],[0,0]],"o":[[3.474,-3.472],[3.604,-1.54],[3.475,-0.001],[3.152,1.48],[5.019,5.019],[0.386,7.332],[0,0],[0,0],[-9.333,-9.333]],"v":[[-19.363,-22.54],[-8.748,-30.067],[1.867,-32.382],[11.807,-30.163],[20.202,-24.276],[28.31,-5.747],[18.66,15.483],[1.761,32.383],[-19.363,11.259]]},"ix":2}},{"ty":"fl","bm":0,"hd":false,"mn":"ADBE Vector Graphic - Fill","nm":"Fill 1","c":{"a":0,"k":[1,1,1],"ix":4},"r":1,"o":{"a":0,"k":100,"ix":5}},{"ty":"tr","a":{"a":0,"k":[1.5,33],"ix":1},"s":{"a":1,"k":[{"o":{"x":0.167,"y":0.167},"i":{"x":0.833,"y":0.833},"s":[0,0],"t":9},{"s":[100,100],"t":14}],"ix":3},"sk":{"a":0,"k":0,"ix":4},"p":{"a":0,"k":[727.454,543.738],"ix":2},"r":{"a":0,"k":0,"ix":6},"sa":{"a":0,"k":0,"ix":5},"o":{"a":0,"k":100,"ix":7}}]}],"ind":7},{"ty":4,"nm":"linea","sr":1,"st":25,"op":525,"ip":25,"hd":false,"ddd":0,"bm":0,"hasMask":false,"ao":0,"ks":{"a":{"a":0,"k":[540,960,0],"ix":1},"s":{"a":0,"k":[100,100,100],"ix":6},"sk":{"a":0,"k":0},"p":{"a":0,"k":[540,960,0],"ix":2},"r":{"a":0,"k":0,"ix":10},"sa":{"a":0,"k":0},"o":{"a":0,"k":100,"ix":11}},"ef":[],"shapes":[{"ty":"gr","bm":0,"hd":false,"mn":"ADBE Vector Group","nm":"Group 38","ix":1,"cix":2,"np":2,"it":[{"ty":"sh","bm":0,"hd":false,"mn":"ADBE Vector Shape - Group","nm":"Path 1","ix":1,"d":1,"ks":{"a":0,"k":{"c":false,"i":[[0,0],[0,0],[0,0],[0,0],[0,0],[0,0],[0,0],[0,0],[0,0]],"o":[[0,0],[0,0],[0,0],[0,0],[0,0],[0,0],[0,0],[0,0],[0,0]],"v":[[-338.408,5.623],[-275.087,68.928],[-138.44,-67.721],[-1.095,69.623],[136.461,-67.934],[136.709,-67.687],[136.757,-67.639],[273.557,69.161],[429.201,-85.764]]},"ix":2}},{"ty":"st","bm":0,"hd":false,"mn":"ADBE Vector Graphic - Stroke","nm":"Stroke 1","lc":1,"lj":1,"ml":10,"o":{"a":0,"k":100,"ix":4},"w":{"a":0,"k":14.936,"ix":5},"c":{"a":0,"k":[1,0.8706,0],"ix":3}},{"ty":"tr","a":{"a":0,"k":[0,0],"ix":1},"s":{"a":0,"k":[100,100],"ix":3},"sk":{"a":0,"k":0,"ix":4},"p":{"a":0,"k":[331.341,803.444],"ix":2},"r":{"a":0,"k":0,"ix":6},"sa":{"a":0,"k":0,"ix":5},"o":{"a":0,"k":100,"ix":7}}]},{"ty":"tm","bm":0,"hd":false,"mn":"ADBE Vector Filter - Trim","nm":"Trim Paths 1","ix":2,"e":{"a":1,"k":[{"o":{"x":0.333,"y":0},"i":{"x":0.833,"y":0.833},"s":[0],"t":25},{"s":[97],"t":50}],"ix":2},"o":{"a":0,"k":0,"ix":3},"s":{"a":0,"k":0,"ix":1},"m":1},{"ty":"gr","bm":0,"hd":false,"mn":"ADBE Vector Group","nm":"Group 39","ix":3,"cix":2,"np":2,"it":[{"ty":"sh","bm":0,"hd":false,"mn":"ADBE Vector Shape - Group","nm":"Path 1","ix":1,"d":1,"ks":{"a":0,"k":{"c":false,"i":[[0,0],[0,0],[0,0]],"o":[[0,0],[0,0],[0,0]],"v":[[-41.837,-41.837],[41.837,-41.837],[41.837,41.837]]},"ix":2}},{"ty":"st","bm":0,"hd":false,"mn":"ADBE Vector Graphic - Stroke","nm":"Stroke 1","lc":1,"lj":1,"ml":10,"o":{"a":0,"k":100,"ix":4},"w":{"a":0,"k":14.936,"ix":5},"c":{"a":0,"k":[1,0.8706,0],"ix":3}},{"ty":"tr","a":{"a":0,"k":[42,-41.75],"ix":1},"s":{"a":1,"k":[{"o":{"x":0.333,"y":0},"i":{"x":0.833,"y":0.833},"s":[0,0],"t":45},{"s":[100,100],"t":50}],"ix":3},"sk":{"a":0,"k":0,"ix":4},"p":{"a":1,"k":[{"o":{"x":0.167,"y":0.167},"i":{"x":0.833,"y":0.833},"s":[605.596,871.657],"t":45,"ti":[-23.042,22.958],"to":[23.042,-22.958]},{"s":[743.846,733.907],"t":50}],"ix":2},"r":{"a":0,"k":0,"ix":6},"sa":{"a":0,"k":0,"ix":5},"o":{"a":0,"k":100,"ix":7}}]}],"ind":8},{"ty":4,"nm":"spaces","sr":1,"st":0,"op":500,"ip":13,"hd":false,"ddd":0,"bm":0,"hasMask":false,"ao":0,"ks":{"a":{"a":0,"k":[540,960,0],"ix":1},"s":{"a":0,"k":[100,100,100],"ix":6},"sk":{"a":0,"k":0},"p":{"a":0,"k":[540,960,0],"ix":2},"r":{"a":0,"k":0,"ix":10},"sa":{"a":0,"k":0},"o":{"a":0,"k":100,"ix":11}},"ef":[],"shapes":[{"ty":"gr","bm":0,"hd":false,"mn":"ADBE Vector Group","nm":"Shape 1","ix":1,"cix":2,"np":3,"it":[{"ty":"sh","bm":0,"hd":false,"mn":"ADBE Vector Shape - Group","nm":"Path 1","ix":1,"d":1,"ks":{"a":0,"k":{"c":true,"i":[[0,0],[0,0],[0,0],[0,0],[0,0],[0,0],[0,0],[0,0],[0,0],[0,0],[0,0],[0,0],[0,0],[0,0],[0,0],[0,0],[0,0],[0,0],[0,0],[0,0],[0,0],[0,0],[0,0],[0,0],[0,0],[0,0],[0,0],[0,0],[0,0],[0,0],[0,0],[0,0]],"o":[[0,0],[0,0],[0,0],[0,0],[0,0],[0,0],[0,0],[0,0],[0,0],[0,0],[0,0],[0,0],[0,0],[0,0],[0,0],[0,0],[0,0],[0,0],[0,0],[0,0],[0,0],[0,0],[0,0],[0,0],[0,0],[0,0],[0,0],[0,0],[0,0],[0,0],[0,0],[0,0]],"v":[[738.72,1271.221],[738.71,1271.231],[615.965,1148.466],[738.72,1025.71],[984.35,1271.339],[994.91,1260.779],[749.281,1015.149],[749.281,1015.149],[605.281,871.147],[349.09,1127.338],[359.651,1137.899],[605.281,892.27],[728.158,1015.149],[605.404,1137.904],[605.281,1137.781],[349.09,1393.972],[349.213,1394.095],[349.09,1394.219],[359.651,1404.78],[605.28,1159.15],[728.036,1281.905],[349.09,1660.852],[359.651,1671.412],[605.28,1425.783],[984.35,1804.853],[994.91,1794.292],[615.842,1415.223],[738.597,1292.467],[984.35,1538.219],[994.91,1527.658],[994.787,1527.535],[994.91,1527.412]]},"ix":2}},{"ty":"fl","bm":0,"hd":false,"mn":"ADBE Vector Graphic - Fill","nm":"Fill 1","c":{"a":0,"k":[0,0.3451,0.8706],"ix":4},"r":1,"o":{"a":0,"k":100,"ix":5}},{"ty":"tr","a":{"a":0,"k":[0,-240],"ix":1},"s":{"a":0,"k":[100,100],"ix":3},"sk":{"a":0,"k":0,"ix":4},"p":{"a":1,"k":[{"o":{"x":0.333,"y":0},"i":{"x":0.833,"y":0.833},"s":[0,844],"t":13,"ti":[0,181.333],"to":[0,-181.333]},{"s":[0,-244],"t":25}],"ix":2},"r":{"a":0,"k":0,"ix":6},"sa":{"a":0,"k":0,"ix":5},"o":{"a":0,"k":100,"ix":7}}]},{"ty":"gr","bm":0,"hd":false,"mn":"ADBE Vector Group","nm":"Group 47","ix":2,"cix":2,"np":2,"it":[{"ty":"sh","bm":0,"hd":false,"mn":"ADBE Vector Shape - Group","nm":"Path 1","ix":1,"d":1,"ks":{"a":0,"k":{"c":true,"i":[[0,0],[0,0],[0.646,12.272],[8.4,8.399],[5.275,2.478],[5.815,-0.002],[6.031,-2.579],[5.812,-5.811],[-15.622,-15.622]],"o":[[0,0],[11.41,-11.411],[-0.646,-12.277],[-4.088,-4.088],[-5.278,-2.476],[-5.815,0],[-6.032,2.588],[-15.622,15.622],[0,0]],"v":[[1.292,54.199],[29.577,25.915],[45.728,-9.619],[32.158,-40.632],[18.107,-50.485],[1.471,-54.2],[-16.297,-50.324],[-34.063,-37.727],[-34.063,18.845]]},"ix":2}},{"ty":"fl","bm":0,"hd":false,"mn":"ADBE Vector Graphic - Fill","nm":"Fill 1","c":{"a":0,"k":[0,0.3451,0.8706],"ix":4},"r":1,"o":{"a":0,"k":100,"ix":5}},{"ty":"tr","a":{"a":0,"k":[0.5,54],"ix":1},"s":{"a":1,"k":[{"o":{"x":0.333,"y":0},"i":{"x":0.833,"y":0.833},"s":[0,0],"t":50},{"s":[100,100],"t":62}],"ix":3},"sk":{"a":0,"k":0,"ix":4},"p":{"a":0,"k":[739.01,1208.785],"ix":2},"r":{"a":0,"k":0,"ix":6},"sa":{"a":0,"k":0,"ix":5},"o":{"a":0,"k":100,"ix":7}}]},{"ty":"gr","bm":0,"hd":false,"mn":"ADBE Vector Group","nm":"Group 48","ix":3,"cix":2,"np":2,"it":[{"ty":"sh","bm":0,"hd":false,"mn":"ADBE Vector Shape - Group","nm":"Path 1","ix":1,"d":1,"ks":{"a":0,"k":{"c":true,"i":[[0,0],[0,0],[0.646,12.272],[8.4,8.399],[5.275,2.478],[5.815,-0.002],[6.031,-2.579],[5.812,-5.811],[-15.622,-15.622]],"o":[[0,0],[11.41,-11.411],[-0.646,-12.277],[-4.088,-4.088],[-5.278,-2.476],[-5.815,0],[-6.032,2.588],[-15.622,15.622],[0,0]],"v":[[1.292,54.199],[29.577,25.915],[45.728,-9.619],[32.158,-40.632],[18.107,-50.485],[1.471,-54.2],[-16.297,-50.324],[-34.063,-37.727],[-34.063,18.845]]},"ix":2}},{"ty":"fl","bm":0,"hd":false,"mn":"ADBE Vector Graphic - Fill","nm":"Fill 1","c":{"a":0,"k":[0,0.3922,1],"ix":4},"r":1,"o":{"a":0,"k":100,"ix":5}},{"ty":"tr","a":{"a":0,"k":[0.5,54],"ix":1},"s":{"a":1,"k":[{"o":{"x":0.333,"y":0},"i":{"x":0.833,"y":0.833},"s":[0,0],"t":42},{"s":[100,100],"t":54}],"ix":3},"sk":{"a":0,"k":0,"ix":4},"p":{"a":0,"k":[609.01,1332.785],"ix":2},"r":{"a":0,"k":0,"ix":6},"sa":{"a":0,"k":0,"ix":5},"o":{"a":0,"k":100,"ix":7}}]},{"ty":"gr","bm":0,"hd":false,"mn":"ADBE Vector Group","nm":"Group 46","ix":4,"cix":2,"np":2,"it":[{"ty":"sh","bm":0,"hd":false,"mn":"ADBE Vector Shape - Group","nm":"Path 1","ix":1,"d":1,"ks":{"a":0,"k":{"c":true,"i":[[0,0],[0,0],[0.646,12.272],[8.4,8.399],[5.275,2.478],[5.815,-0.002],[6.031,-2.579],[5.812,-5.811],[-15.622,-15.622]],"o":[[0,0],[11.41,-11.411],[-0.646,-12.277],[-4.088,-4.088],[-5.278,-2.476],[-5.815,0],[-6.032,2.588],[-15.622,15.622],[0,0]],"v":[[1.292,54.199],[29.577,25.915],[45.728,-9.619],[32.158,-40.632],[18.107,-50.485],[1.471,-54.2],[-16.297,-50.324],[-34.063,-37.727],[-34.063,18.845]]},"ix":2}},{"ty":"fl","bm":0,"hd":false,"mn":"ADBE Vector Graphic - Fill","nm":"Fill 1","c":{"a":0,"k":[0,0.451,0.8902],"ix":4},"r":1,"o":{"a":0,"k":100,"ix":5}},{"ty":"tr","a":{"a":0,"k":[0.5,54],"ix":1},"s":{"a":1,"k":[{"o":{"x":0.333,"y":0},"i":{"x":0.833,"y":0.833},"s":[0,0],"t":36},{"s":[100,100],"t":48}],"ix":3},"sk":{"a":0,"k":0,"ix":4},"p":{"a":0,"k":[743.01,1472.785],"ix":2},"r":{"a":0,"k":0,"ix":6},"sa":{"a":0,"k":0,"ix":5},"o":{"a":0,"k":100,"ix":7}}]}],"ind":9},{"ty":4,"nm":"splash Outlines","sr":1,"st":0,"op":500,"ip":0,"hd":false,"ddd":0,"bm":0,"hasMask":false,"ao":0,"ks":{"a":{"a":0,"k":[540,960,0],"ix":1},"s":{"a":0,"k":[100,100,100],"ix":6},"sk":{"a":0,"k":0},"p":{"a":0,"k":[540,960,0],"ix":2},"r":{"a":0,"k":0,"ix":10},"sa":{"a":0,"k":0},"o":{"a":0,"k":100,"ix":11}},"ef":[],"shapes":[{"ty":"gr","bm":0,"hd":false,"mn":"ADBE Vector Group","nm":"Group 47","ix":1,"cix":2,"np":2,"it":[{"ty":"sh","bm":0,"hd":false,"mn":"ADBE Vector Shape - Group","nm":"Path 1","ix":1,"d":1,"ks":{"a":0,"k":{"c":true,"i":[[0,0],[0,0],[0,0],[0,0]],"o":[[0,0],[0,0],[0,0],[0,0]],"v":[[-539.904,960],[539.904,960],[539.904,-960],[-539.904,-960]]},"ix":2}},{"ty":"fl","bm":0,"hd":false,"mn":"ADBE Vector Graphic - Fill","nm":"Fill 1","c":{"a":0,"k":[0,0.3922,0.8706],"ix":4},"r":1,"o":{"a":0,"k":100,"ix":5}},{"ty":"tr","a":{"a":0,"k":[0,0],"ix":1},"s":{"a":0,"k":[100,100],"ix":3},"sk":{"a":0,"k":0,"ix":4},"p":{"a":0,"k":[540.096,960],"ix":2},"r":{"a":0,"k":0,"ix":6},"sa":{"a":0,"k":0,"ix":5},"o":{"a":0,"k":100,"ix":7}}]}],"ind":10}],"v":"5.5.4","fr":25,"op":126,"ip":0,"fonts":{"list":[{"ascent":71.5988159179688,"fClass":"","fFamily":"Product Sans","fStyle":"Bold","fName":"ProductSans-Bold","fPath":"","fWeight":"","origin":0}]},"chars":[{"ch":"M","fFamily":"Product Sans","size":124.380493164063,"style":"Bold","w":85.7,"data":{"shapes":[{"ty":"gr","bm":0,"hd":false,"mn":"ADBE Vector Group","nm":"M","ix":1,"cix":2,"np":3,"it":[{"ty":"sh","bm":0,"hd":false,"mn":"ADBE Vector Shape - Group","nm":"M","ix":1,"d":1,"ks":{"a":0,"k":{"c":true,"i":[[0,0],[0,0],[0,0],[0,0],[0,0],[0,0],[0,0],[0,0],[0,0],[0,0],[0,0],[0,0],[0,0],[0,0],[0,0],[0,0],[0,0],[0,0]],"o":[[0,0],[0,0],[0,0],[0,0],[0,0],[0,0],[0,0],[0,0],[0,0],[0,0],[0,0],[0,0],[0,0],[0,0],[0,0],[0,0],[0,0],[0,0]],"v":[[7.2,0],[20.5,0],[20.5,-35.3],[19.7,-47.3],[20.5,-47.3],[38.8,-15.2],[46.9,-15.2],[65.1,-47.3],[65.9,-47.3],[65.1,-35.3],[65.1,0],[78.5,0],[78.5,-71.6],[65.1,-71.6],[43.2,-33.7],[42.4,-33.7],[20.5,-71.6],[7.2,-71.6]]},"ix":2}}]}]}},{"ch":"y","fFamily":"Product Sans","size":124.380493164063,"style":"Bold","w":55.3,"data":{"shapes":[{"ty":"gr","bm":0,"hd":false,"mn":"ADBE Vector Group","nm":"y","ix":1,"cix":2,"np":3,"it":[{"ty":"sh","bm":0,"hd":false,"mn":"ADBE Vector Shape - Group","nm":"y","ix":1,"d":1,"ks":{"a":0,"k":{"c":true,"i":[[0,0],[0,0],[0,0],[0,0],[0,0],[0,0],[0,0],[0,0],[0,0]],"o":[[0,0],[0,0],[0,0],[0,0],[0,0],[0,0],[0,0],[0,0],[0,0]],"v":[[10.1,21.6],[24.2,21.6],[54.9,-49],[40.3,-49],[28.4,-19.3],[27.7,-19.3],[15.3,-49],[0.4,-49],[21,-2.4]]},"ix":2}}]}]}},{"ch":"P","fFamily":"Product Sans","size":124.380493164063,"style":"Bold","w":59.2,"data":{"shapes":[{"ty":"gr","bm":0,"hd":false,"mn":"ADBE Vector Group","nm":"P","ix":1,"cix":2,"np":5,"it":[{"ty":"sh","bm":0,"hd":false,"mn":"ADBE Vector Shape - Group","nm":"P","ix":1,"d":1,"ks":{"a":0,"k":{"c":true,"i":[[0,0],[0,0],[0,0],[-2.967,1.1],[-2.2,2],[-1.267,2.767],[0,3.4],[1.266,2.767],[2.2,2],[2.966,1.1],[3.4,0],[0,0],[0,0]],"o":[[0,0],[0,0],[3.4,0],[2.966,-1.1],[2.2,-2],[1.266,-2.766],[0,-3.333],[-1.267,-2.766],[-2.2,-2],[-2.967,-1.1],[0,0],[0,0],[0,0]],"v":[[20.7,0],[20.7,-26.3],[32.4,-26.3],[41.95,-27.95],[49.7,-32.6],[54.9,-39.75],[56.8,-49],[54.9,-58.15],[49.7,-65.3],[41.95,-69.95],[32.4,-71.6],[7.2,-71.6],[7.2,0]]},"ix":2}},{"ty":"sh","bm":0,"hd":false,"mn":"ADBE Vector Shape - Group","nm":"P","ix":2,"d":1,"ks":{"a":0,"k":{"c":true,"i":[[0,0],[0,0],[0,0],[-1.334,-0.533],[-0.9,-0.9],[-0.434,-1.2],[0,-1.266],[1.8,-2],[3.533,0]],"o":[[0,0],[0,0],[1.8,0],[1.333,0.534],[0.9,0.9],[0.433,1.2],[0,2.6],[-1.8,2],[0,0]],"v":[[20.7,-39.1],[20.7,-58.8],[32.6,-58.8],[37.3,-58],[40.65,-55.85],[42.65,-52.7],[43.3,-49],[40.6,-42.1],[32.6,-39.1]]},"ix":2}}]}]}},{"ch":"a","fFamily":"Product Sans","size":124.380493164063,"style":"Bold","w":53,"data":{"shapes":[{"ty":"gr","bm":0,"hd":false,"mn":"ADBE Vector Group","nm":"a","ix":1,"cix":2,"np":5,"it":[{"ty":"sh","bm":0,"hd":false,"mn":"ADBE Vector Shape - Group","nm":"a","ix":1,"d":1,"ks":{"a":0,"k":{"c":true,"i":[[0,0],[0,0],[0,0],[4,3.567],[7.6,0],[5.2,-6.533],[0,0],[-4.534,0],[-2.067,-1.7],[0,-2.6],[0,0],[2.066,0.5],[3.2,0],[2.433,-0.766],[1.8,-1.466],[1,-2.033],[0,-2.533],[-0.934,-2.066],[-1.667,-1.466],[-2.234,-0.833],[-2.534,0],[-2.167,1.333],[-1.534,1.867],[0,0]],"o":[[0,0],[0,0],[0,-7],[-4,-3.566],[-9,0],[0,0],[3.133,-3.8],[3.066,0],[2.066,1.7],[0,0],[-1.334,-0.533],[-2.067,-0.5],[-2.867,0],[-2.434,0.767],[-1.8,1.467],[-1,2.034],[0,2.467],[0.933,2.067],[1.666,1.467],[2.233,0.833],[3.4,0],[2.166,-1.333],[0,0],[0,0]],"v":[[35.8,0],[48.7,0],[48.7,-29.4],[42.7,-45.25],[25.3,-50.6],[4,-40.8],[13.5,-34.3],[25,-40],[32.7,-37.45],[35.8,-31],[35.8,-29.5],[30.7,-31.05],[22.8,-31.8],[14.85,-30.65],[8.5,-27.3],[4.3,-22.05],[2.8,-15.2],[4.2,-8.4],[8.1,-3.1],[13.95,0.35],[21.1,1.6],[29.45,-0.4],[35,-5.2],[35.8,-5.2]]},"ix":2}},{"ty":"sh","bm":0,"hd":false,"mn":"ADBE Vector Shape - Group","nm":"a","ix":2,"d":1,"ks":{"a":0,"k":{"c":true,"i":[[0.566,-1.366],[1.033,-1.033],[1.466,-0.633],[1.733,0],[1.633,1.2],[0,2],[-1.7,1.367],[-3.134,0],[-1.634,-0.433],[-1.534,-0.733]],"o":[[-0.567,1.367],[-1.034,1.034],[-1.467,0.634],[-2.134,0],[-1.634,-1.2],[0,-2],[1.7,-1.366],[1.933,0],[1.633,0.434],[0,1.467]],"v":[[34.95,-15.65],[32.55,-12.05],[28.8,-9.55],[24,-8.6],[18.35,-10.4],[15.9,-15.2],[18.45,-20.25],[25.7,-22.3],[31.05,-21.65],[35.8,-19.9]]},"ix":2}}]}]}},{"ch":"r","fFamily":"Product Sans","size":124.380493164063,"style":"Bold","w":40.7,"data":{"shapes":[{"ty":"gr","bm":0,"hd":false,"mn":"ADBE Vector Group","nm":"r","ix":1,"cix":2,"np":3,"it":[{"ty":"sh","bm":0,"hd":false,"mn":"ADBE Vector Shape - Group","nm":"r","ix":1,"d":1,"ks":{"a":0,"k":{"c":true,"i":[[0,0],[0,0],[0,0],[-0.567,1.709],[-1.034,1.273],[-1.467,0.703],[-1.8,0],[-0.967,-0.233],[-0.8,-0.4],[0,0],[1.233,0.37],[1.733,0],[1.433,-0.456],[1.233,-0.742],[1,-1],[0.6,-1.2],[0,0],[0,0],[0,0]],"o":[[0,0],[0,0],[0,-2.009],[0.566,-1.709],[1.033,-1.273],[1.466,-0.703],[1.4,0],[0.966,0.234],[0,0],[-0.867,-0.592],[-1.234,-0.37],[-1.4,0],[-1.434,0.458],[-1.234,0.744],[-1,1],[0,0],[0,0],[0,0],[0,0]],"v":[[5.6,0],[18.7,0],[18.7,-24.127],[19.55,-29.705],[21.95,-34.178],[25.7,-37.144],[30.6,-38.2],[34.15,-37.85],[36.8,-36.9],[40.3,-48.6],[37.15,-50.044],[32.7,-50.6],[28.45,-49.914],[24.45,-48.114],[21.1,-45.5],[18.7,-42.2],[17.9,-42.2],[17.9,-49],[5.6,-49]]},"ix":2}}]}]}},{"ch":"k","fFamily":"Product Sans","size":124.380493164063,"style":"Bold","w":53,"data":{"shapes":[{"ty":"gr","bm":0,"hd":false,"mn":"ADBE Vector Group","nm":"k","ix":1,"cix":2,"np":3,"it":[{"ty":"sh","bm":0,"hd":false,"mn":"ADBE Vector Shape - Group","nm":"k","ix":1,"d":1,"ks":{"a":0,"k":{"c":true,"i":[[0,0],[0,0],[0,0],[0,0],[0,0],[0,0],[0,0],[0,0],[0,0],[0,0],[0,0],[0,0],[0,0],[0,0],[0,0]],"o":[[0,0],[0,0],[0,0],[0,0],[0,0],[0,0],[0,0],[0,0],[0,0],[0,0],[0,0],[0,0],[0,0],[0,0],[0,0]],"v":[[5.6,0],[18.7,0],[18.7,-15.8],[24.5,-21.5],[37.9,0],[53.4,0],[53.4,-0.8],[33.7,-30.5],[51.9,-48.2],[51.9,-49],[35.7,-49],[19.3,-32.6],[18.7,-32.6],[18.7,-71.6],[5.6,-71.6]]},"ix":2}}]}]}},{"ch":"i","fFamily":"Product Sans","size":124.380493164063,"style":"Bold","w":25.9,"data":{"shapes":[{"ty":"gr","bm":0,"hd":false,"mn":"ADBE Vector Group","nm":"i","ix":1,"cix":2,"np":5,"it":[{"ty":"sh","bm":0,"hd":false,"mn":"ADBE Vector Shape - Group","nm":"i","ix":1,"d":1,"ks":{"a":0,"k":{"c":true,"i":[[-1.667,1.634],[0,2.334],[1.666,1.634],[2.333,0],[1.033,-0.433],[0.766,-0.766],[0.433,-1],[0,-1.2],[-0.434,-1],[-0.767,-0.766],[-1.034,-0.433],[-1.134,0]],"o":[[1.666,-1.633],[0,-2.333],[-1.667,-1.633],[-1.134,0],[-1.034,0.434],[-0.767,0.767],[-0.434,1],[0,1.2],[0.433,1],[0.766,0.767],[1.033,0.434],[2.333,0]],"v":[[18.9,-58.05],[21.4,-64],[18.9,-69.95],[12.9,-72.4],[9.65,-71.75],[6.95,-69.95],[5.15,-67.3],[4.5,-64],[5.15,-60.7],[6.95,-58.05],[9.65,-56.25],[12.9,-55.6]]},"ix":2}},{"ty":"sh","bm":0,"hd":false,"mn":"ADBE Vector Shape - Group","nm":"i","ix":2,"d":1,"ks":{"a":0,"k":{"c":true,"i":[[0,0],[0,0],[0,0],[0,0]],"o":[[0,0],[0,0],[0,0],[0,0]],"v":[[19.5,0],[19.5,-49],[6.4,-49],[6.4,0]]},"ix":2}}]}]}},{"ch":"n","fFamily":"Product Sans","size":124.380493164063,"style":"Bold","w":57.4,"data":{"shapes":[{"ty":"gr","bm":0,"hd":false,"mn":"ADBE Vector Group","nm":"n","ix":1,"cix":2,"np":3,"it":[{"ty":"sh","bm":0,"hd":false,"mn":"ADBE Vector Shape - Group","nm":"n","ix":1,"d":1,"ks":{"a":0,"k":{"c":true,"i":[[0,0],[0,0],[0,0],[0,0],[0,0],[-0.5,1.767],[-0.967,1.3],[-1.367,0.767],[-1.8,0],[-1.567,-1.7],[0,-3.533],[0,0],[0,0],[0,0],[0.766,2.567],[1.5,1.834],[2.333,1],[3.066,0],[2.6,-1.433],[1.533,-2.466],[0,0]],"o":[[0,0],[0,0],[0,0],[0,0],[0,-2],[0.5,-1.766],[0.966,-1.3],[1.366,-0.766],[3,0],[1.566,1.7],[0,0],[0,0],[0,0],[0,-3.133],[-0.767,-2.566],[-1.5,-1.833],[-2.334,-1],[-3.334,0],[-2.6,1.434],[0,0],[0,0]],"v":[[17.9,-49],[5.6,-49],[5.6,0],[18.7,0],[18.7,-24],[19.45,-29.65],[21.65,-34.25],[25.15,-37.35],[29.9,-38.5],[36.75,-35.95],[39.1,-28.1],[39.1,0],[52.2,0],[52.2,-29.7],[51.05,-38.25],[47.65,-44.85],[41.9,-49.1],[33.8,-50.6],[24.9,-48.45],[18.7,-42.6],[17.9,-42.6]]},"ix":2}}]}]}},{"ch":"g","fFamily":"Product Sans","size":124.380493164063,"style":"Bold","w":59.2,"data":{"shapes":[{"ty":"gr","bm":0,"hd":false,"mn":"ADBE Vector Group","nm":"g","ix":1,"cix":2,"np":5,"it":[{"ty":"sh","bm":0,"hd":false,"mn":"ADBE Vector Shape - Group","nm":"g","ix":1,"d":1,"ks":{"a":0,"k":{"c":true,"i":[[-3.167,1.233],[-2.267,2.3],[-1.267,3.3],[0,4.133],[0,0],[0,0],[0,0],[0,0],[2.5,1.234],[3.4,0],[2.766,-1.188],[2.133,-2.211],[1.333,-3.136],[0,-3.828],[-1.334,-3.103],[-2.134,-2.211],[-2.767,-1.188],[-2.934,0],[-2.5,1.234],[-1.534,2.134],[0,0],[0,0],[2.4,-2.683],[4.133,0],[2.133,1.433],[0.933,2.6],[0,0],[-1.334,-1.734],[-2,-1.434],[-2.7,-0.9],[-3.467,0]],"o":[[3.166,-1.234],[2.266,-2.3],[1.266,-3.3],[0,0],[0,0],[0,0],[0,0],[-1.534,-2.133],[-2.5,-1.233],[-2.934,0],[-2.767,1.188],[-2.134,2.212],[-1.334,3.136],[0,3.828],[1.333,3.103],[2.133,2.213],[2.766,1.188],[3.4,0],[2.5,-1.233],[0,0],[0,0],[0,4.702],[-2.4,2.681],[-2.6,0],[-2.134,-1.434],[0,0],[0.6,1.733],[1.333,1.733],[2,1.433],[2.7,0.9],[3.866,0]],"v":[[38.75,21.35],[46.9,16.05],[52.2,7.65],[54.1,-3.5],[54.1,-49],[41.6,-49],[41.6,-43.7],[40.8,-43.7],[34.75,-48.75],[25.9,-50.6],[17.35,-48.817],[10,-43.719],[4.8,-35.697],[2.8,-25.25],[4.8,-14.853],[10,-6.881],[17.35,-1.781],[25.9,0],[34.75,-1.85],[40.8,-6.9],[41.6,-6.9],[41.6,-3.5],[38,7.577],[28.2,11.6],[21.1,9.45],[16.5,3.4],[4,8.4],[6.9,13.6],[11.9,18.35],[18.95,21.85],[28.2,23.2]]},"ix":2}},{"ty":"sh","bm":0,"hd":false,"mn":"ADBE Vector Shape - Group","nm":"g","ix":2,"d":1,"ks":{"a":0,"k":{"c":true,"i":[[1.533,0.589],[1.2,1.145],[0.733,1.669],[0,2.161],[-0.734,1.669],[-1.2,1.178],[-1.534,0.589],[-1.6,0],[-1.567,-0.589],[-1.2,-1.145],[-0.734,-1.702],[0,-2.159],[0.733,-1.669],[1.2,-1.145],[1.566,-0.589],[1.6,0]],"o":[[-1.534,-0.589],[-1.2,-1.145],[-0.734,-1.669],[0,-2.159],[0.733,-1.669],[1.2,-1.178],[1.533,-0.589],[1.6,0],[1.566,0.589],[1.2,1.145],[0.733,1.703],[0,2.161],[-0.734,1.669],[-1.2,1.145],[-1.567,0.589],[-1.6,0]],"v":[[24,-12.683],[19.9,-15.284],[17,-19.506],[15.9,-25.252],[17,-30.994],[19.9,-35.266],[24,-37.916],[28.7,-38.8],[33.45,-37.916],[37.6,-35.314],[40.5,-31.044],[41.6,-25.252],[40.5,-19.506],[37.6,-15.284],[33.45,-12.683],[28.7,-11.8]]},"ix":2}}]}]}},{"ch":"B","fFamily":"Product Sans","size":90,"style":"Bold","w":62.9,"data":{"shapes":[{"ty":"gr","bm":0,"hd":false,"mn":"ADBE Vector Group","nm":"B","ix":1,"cix":2,"np":6,"it":[{"ty":"sh","bm":0,"hd":false,"mn":"ADBE Vector Shape - Group","nm":"B","ix":1,"d":1,"ks":{"a":0,"k":{"c":true,"i":[[0,0],[0,0],[-2.834,0.934],[-2.134,1.734],[-1.234,2.434],[0,3.067],[2.233,2.834],[3.666,1.334],[0,0],[-1.834,2.567],[0,3.8],[1.133,2.267],[1.966,1.7],[2.666,0.967],[3.066,0],[0,0]],"o":[[0,0],[3.266,0],[2.833,-0.933],[2.133,-1.733],[1.233,-2.433],[0,-4.2],[-2.234,-2.833],[0,0],[2.733,-1.333],[1.833,-2.566],[0,-2.6],[-1.134,-2.266],[-1.967,-1.7],[-2.667,-0.966],[0,0],[0,0]],"v":[[7.2,0],[36.2,0],[45.35,-1.4],[52.8,-5.4],[57.85,-11.65],[59.7,-19.9],[56.35,-30.45],[47.5,-36.7],[47.5,-37.5],[54.35,-43.35],[57.1,-52.9],[55.4,-60.2],[50.75,-66.15],[43.8,-70.15],[35.2,-71.6],[7.2,-71.6]]},"ix":2}},{"ty":"sh","bm":0,"hd":false,"mn":"ADBE Vector Shape - Group","nm":"B","ix":2,"d":1,"ks":{"a":0,"k":{"c":true,"i":[[0,0],[0,0],[0,0],[-1.667,-1.666],[0,-2.333],[1.7,-1.7],[3.133,0]],"o":[[0,0],[0,0],[2.933,0],[1.666,1.667],[0,2.334],[-1.7,1.7],[0,0]],"v":[[20.7,-42.4],[20.7,-59.5],[34.6,-59.5],[41.5,-57],[44,-51],[41.45,-44.95],[34.2,-42.4]]},"ix":2}},{"ty":"sh","bm":0,"hd":false,"mn":"ADBE Vector Shape - Group","nm":"B","ix":3,"d":1,"ks":{"a":0,"k":{"c":true,"i":[[0,0],[0,0],[0,0],[-1.834,-1.766],[0,-2.666],[1.8,-1.7],[3.4,0]],"o":[[0,0],[0,0],[3.6,0],[1.833,1.767],[0,2.667],[-1.8,1.7],[0,0]],"v":[[20.7,-12.4],[20.7,-30.8],[35.3,-30.8],[43.45,-28.15],[46.2,-21.5],[43.5,-14.95],[35.7,-12.4]]},"ix":2}}]}]}},{"ch":"e","fFamily":"Product Sans","size":90,"style":"Bold","w":56.1,"data":{"shapes":[{"ty":"gr","bm":0,"hd":false,"mn":"ADBE Vector Group","nm":"e","ix":1,"cix":2,"np":5,"it":[{"ty":"sh","bm":0,"hd":false,"mn":"ADBE Vector Shape - Group","nm":"e","ix":1,"d":1,"ks":{"a":0,"k":{"c":true,"i":[[0,0],[1.966,-1.366],[3,0],[1.466,0.434],[1.233,0.967],[0.833,1.434],[0.266,2],[0,0],[-0.067,0.334],[-0.067,0.4],[0,0.467],[1.066,3.134],[2.066,2.3],[3.066,1.3],[3.933,0],[3.1,-1.4],[2.266,-2.366],[1.266,-3.166],[0,-3.533],[-1.3,-3.166],[-2.334,-2.333],[-3.167,-1.3],[-3.734,0],[-3.834,2.466],[-2.267,4]],"o":[[-1.134,2.067],[-1.967,1.367],[-1.534,0],[-1.467,-0.433],[-1.234,-0.966],[-0.834,-1.433],[0,0],[0,-0.4],[0,-0.333],[0,-0.333],[0,-3.666],[-1.067,-3.133],[-2.067,-2.3],[-3.067,-1.3],[-3.734,0],[-3.1,1.4],[-2.267,2.367],[-1.267,3.167],[0,3.8],[1.3,3.167],[2.333,2.334],[3.166,1.3],[5.533,0],[3.833,-2.466],[0,0]],"v":[[41.1,-17.2],[36.45,-12.05],[29,-10],[24.5,-10.65],[20.45,-12.75],[17.35,-16.35],[15.7,-21.5],[52.6,-21.5],[52.7,-22.6],[52.8,-23.7],[52.8,-24.9],[51.2,-35.1],[46.5,-43.25],[38.8,-48.65],[28.3,-50.6],[18.05,-48.5],[10,-42.85],[4.7,-34.55],[2.8,-24.5],[4.75,-14.05],[10.2,-5.8],[18.45,-0.35],[28.8,1.6],[42.85,-2.1],[52,-11.8]]},"ix":2}},{"ty":"sh","bm":0,"hd":false,"mn":"ADBE Vector Shape - Group","nm":"e","ix":2,"d":1,"ks":{"a":0,"k":{"c":true,"i":[[0,0],[-2.134,1.6],[-2.8,0],[-1.434,-0.6],[-0.967,-0.933],[-0.5,-1.066],[-0.067,-0.866]],"o":[[0.866,-2.866],[2.133,-1.6],[2,0],[1.433,0.6],[0.966,0.934],[0.5,1.067],[0,0]],"v":[[16.4,-30.8],[20.9,-37.5],[28.3,-39.9],[33.45,-39],[37.05,-36.7],[39.25,-33.7],[40.1,-30.8]]},"ix":2}}]}]}},{"ch":"v","fFamily":"Product Sans","size":90,"style":"Bold","w":55.7,"data":{"shapes":[{"ty":"gr","bm":0,"hd":false,"mn":"ADBE Vector Group","nm":"v","ix":1,"cix":2,"np":3,"it":[{"ty":"sh","bm":0,"hd":false,"mn":"ADBE Vector Shape - Group","nm":"v","ix":1,"d":1,"ks":{"a":0,"k":{"c":true,"i":[[0,0],[0,0],[0,0],[0,0],[0,0],[0,0],[0,0],[0,0]],"o":[[0,0],[0,0],[0,0],[0,0],[0,0],[0,0],[0,0],[0,0]],"v":[[21.3,0],[34.2,0],[55.3,-49],[40.5,-49],[28.2,-17.8],[27.5,-17.8],[15.3,-49],[0.4,-49]]},"ix":2}}]}]}},{"ch":"d","fFamily":"Product Sans","size":90,"style":"Bold","w":59.5,"data":{"shapes":[{"ty":"gr","bm":0,"hd":false,"mn":"ADBE Vector Group","nm":"d","ix":1,"cix":2,"np":5,"it":[{"ty":"sh","bm":0,"hd":false,"mn":"ADBE Vector Shape - Group","nm":"d","ix":1,"d":1,"ks":{"a":0,"k":{"c":true,"i":[[0,0],[0,0],[0,0],[0,0],[0,0],[0,0],[0,0],[2.533,1.467],[3.733,0],[2.833,-1.3],[2.166,-2.3],[1.266,-3.2],[0,-3.8],[-1.267,-3.2],[-2.167,-2.3],[-2.834,-1.3],[-3.134,0],[-2.534,1.466],[-1.2,2.067],[0,0]],"o":[[0,0],[0,0],[0,0],[0,0],[0,0],[0,0],[-1.2,-2.066],[-2.534,-1.466],[-3.134,0],[-2.834,1.3],[-2.167,2.3],[-1.267,3.2],[0,3.8],[1.266,3.2],[2.166,2.3],[2.833,1.3],[3.733,0],[2.533,-1.466],[0,0],[0,0]],"v":[[42.1,0],[54.4,0],[54.4,-71.6],[41.3,-71.6],[41.3,-50.1],[42.1,-43.1],[41.3,-43.1],[35.7,-48.4],[26.3,-50.6],[17.35,-48.65],[9.85,-43.25],[4.7,-35],[2.8,-24.5],[4.7,-14],[9.85,-5.75],[17.35,-0.35],[26.3,1.6],[35.7,-0.6],[41.3,-5.9],[42.1,-5.9]]},"ix":2}},{"ty":"sh","bm":0,"hd":false,"mn":"ADBE Vector Shape - Group","nm":"d","ix":2,"d":1,"ks":{"a":0,"k":{"c":true,"i":[[1.566,0.667],[1.2,1.2],[0.733,1.734],[0,2.134],[-0.734,1.734],[-1.2,1.2],[-1.567,0.667],[-1.734,0],[-1.567,-0.633],[-1.2,-1.2],[-0.734,-1.733],[0,-2.2],[0.733,-1.733],[1.2,-1.2],[1.566,-0.633],[1.733,0]],"o":[[-1.567,-0.666],[-1.2,-1.2],[-0.734,-1.733],[0,-2.133],[0.733,-1.733],[1.2,-1.2],[1.566,-0.666],[1.733,0],[1.566,0.634],[1.2,1.2],[0.733,1.734],[0,2.2],[-0.734,1.734],[-1.2,1.2],[-1.567,0.634],[-1.734,0]],"v":[[24.05,-11.5],[19.9,-14.3],[17,-18.7],[15.9,-24.5],[17,-30.3],[19.9,-34.7],[24.05,-37.5],[29,-38.5],[33.95,-37.55],[38.1,-34.8],[41,-30.4],[42.1,-24.5],[41,-18.6],[38.1,-14.2],[33.95,-11.45],[29,-10.5]]},"ix":2}}]}]}},{"ch":"o","fFamily":"Product Sans","size":90,"style":"Bold","w":57.6,"data":{"shapes":[{"ty":"gr","bm":0,"hd":false,"mn":"ADBE Vector Group","nm":"o","ix":1,"cix":2,"np":5,"it":[{"ty":"sh","bm":0,"hd":false,"mn":"ADBE Vector Shape - Group","nm":"o","ix":1,"d":1,"ks":{"a":0,"k":{"c":true,"i":[[3.166,-1.3],[2.3,-2.3],[1.3,-3.2],[0,-3.8],[-1.3,-3.2],[-2.3,-2.3],[-3.167,-1.3],[-3.8,0],[-3.167,1.3],[-2.3,2.3],[-1.3,3.2],[0,3.8],[1.3,3.2],[2.3,2.3],[3.166,1.3],[3.8,0]],"o":[[-3.167,1.3],[-2.3,2.3],[-1.3,3.2],[0,3.8],[1.3,3.2],[2.3,2.3],[3.166,1.3],[3.8,0],[3.166,-1.3],[2.3,-2.3],[1.3,-3.2],[0,-3.8],[-1.3,-3.2],[-2.3,-2.3],[-3.167,-1.3],[-3.8,0]],"v":[[18.35,-48.65],[10.15,-43.25],[4.75,-35],[2.8,-24.5],[4.75,-14],[10.15,-5.75],[18.35,-0.35],[28.8,1.6],[39.25,-0.35],[47.45,-5.75],[52.85,-14],[54.8,-24.5],[52.85,-35],[47.45,-43.25],[39.25,-48.65],[28.8,-50.6]]},"ix":2}},{"ty":"sh","bm":0,"hd":false,"mn":"ADBE Vector Shape - Group","nm":"o","ix":2,"d":1,"ks":{"a":0,"k":{"c":true,"i":[[1.533,0.634],[1.2,1.2],[0.7,1.734],[0,2.2],[-0.7,1.734],[-1.2,1.2],[-1.534,0.634],[-1.734,0],[-1.567,-0.633],[-1.2,-1.2],[-0.7,-1.733],[0,-2.2],[0.7,-1.733],[1.2,-1.2],[1.566,-0.633],[1.666,0]],"o":[[-1.534,-0.633],[-1.2,-1.2],[-0.7,-1.733],[0,-2.2],[0.7,-1.733],[1.2,-1.2],[1.533,-0.633],[1.666,0],[1.566,0.634],[1.2,1.2],[0.7,1.734],[0,2.2],[-0.7,1.734],[-1.2,1.2],[-1.567,0.634],[-1.734,0]],"v":[[23.9,-11.45],[19.8,-14.2],[16.95,-18.6],[15.9,-24.5],[16.95,-30.4],[19.8,-34.8],[23.9,-37.55],[28.8,-38.5],[33.65,-37.55],[37.8,-34.8],[40.65,-30.4],[41.7,-24.5],[40.65,-18.6],[37.8,-14.2],[33.65,-11.45],[28.8,-10.5]]},"ix":2}}]}]}}],"assets":[]}